0.0,0.0,1.0,0,0
1.0,1.0,2.0,1,2
2.0,3.0,4.0,2,3
3.0,4.0,6.0,3,4
4.0,5.0,8.0,5,5
5.0,7.0,9.0,6,6
6.0,8.0,11.0,7,7
7.0,9.0,13.0,8,9
8.0,10.0,14.0,10,10
9.0,11.0,15.0,12,11
10.0,12.0,16.0,13,12
11.0,13.0,17.0,14,15
12.0,14.0,18.0,15,16
13.0,16.0,19.0,18,17
14.0,17.0,20.0,20,18
15.0,19.0,21.0,21,19
16.0,20.0,22.0,23,22
17.0,21.0,23.0,24,23
18.0,22.0,26.0,25,24
19.0,23.0,28.0,26,25
20.0,24.0,29.0,27,27
21.0,25.0,30.0,29,28
22.0,26.0,31.0,30,29
24.0,27.0,32.0,31,30
25.0,28.0,34.0,32,31
26.0,29.0,35.0,33,32
27.0,30.0,36.0,34,33
28.0,32.0,37.0,37,35
31.0,33.0,38.0,39,36
33.0,34.0,40.0,40,38
34.0,35.0,43.0,41,39
35.0,36.0,44.0,42,41
36.0,37.0,45.0,43,42
37.0,38.0,46.0,44,43
38.0,39.0,48.0,45,44
39.0,40.0,49.0,47,45
40.0,41.0,50.0,48,46
41.0,42.0,51.0,49,47
42.0,44.0,53.0,51,48
43.0,45.0,54.0,52,49
46.0,46.0,56.0,53,50
47.0,47.0,57.0,54,51
48.0,49.0,58.0,55,52
50.0,50.0,59.0,56,54
51.0,52.0,61.0,58,55
52.0,53.0,63.0,59,56
53.0,55.0,64.0,60,57
54.0,56.0,65.0,62,58
55.0,57.0,67.0,63,59
57.0,59.0,69.0,64,60
58.0,60.0,70.0,65,61
60.0,61.0,71.0,66,62
61.0,62.0,72.0,67,63
62.0,63.0,73.0,68,65
64.0,64.0,75.0,69,66
66.0,65.0,76.0,70,67
68.0,66.0,78.0,71,68
71.0,67.0,79.0,72,69
72.0,68.0,81.0,73,70
74.0,69.0,83.0,74,71
75.0,70.0,84.0,76,72
77.0,73.0,86.0,77,73
79.0,74.0,87.0,78,74
80.0,75.0,89.0,80,75
81.0,76.0,90.0,81,76
82.0,77.0,91.0,82,77
83.0,78.0,93.0,83,78
84.0,79.0,95.0,84,79
85.0,80.0,98.0,85,80
86.0,82.0,99.0,86,81
87.0,85.0,100.0,87,82
88.0,87.0,101.0,88,83
89.0,88.0,103.0,91,84
90.0,89.0,107.0,92,85
91.0,90.0,108.0,94,86
92.0,91.0,109.0,95,88
93.0,92.0,111.0,96,89
94.0,93.0,112.0,97,90
95.0,94.0,113.0,98,92
96.0,95.0,114.0,99,93
97.0,96.0,115.0,100,94
98.0,97.0,116.0,101,96
101.0,98.0,118.0,102,97
102.0,99.0,119.0,103,99
103.0,100.0,120.0,104,100
104.0,102.0,121.0,105,101
105.0,103.0,122.0,106,102
106.0,104.0,123.0,107,104
107.0,105.0,124.0,109,105
108.0,106.0,127.0,110,106
110.0,108.0,128.0,111,107
112.0,109.0,130.0,112,108
113.0,110.0,133.0,113,109
114.0,111.0,134.0,115,110
116.0,112.0,135.0,117,111
117.0,114.0,141.0,118,113
118.0,115.0,143.0,120,114
119.0,116.0,145.0,121,115
121.0,117.0,146.0,122,116
122.0,119.0,147.0,123,117
125.0,120.0,148.0,124,118
126.0,121.0,149.0,125,119
127.0,122.0,150.0,126,120
129.0,123.0,151.0,128,123
130.0,124.0,152.0,129,124
131.0,125.0,153.0,130,125
132.0,126.0,154.0,131,126
133.0,127.0,155.0,132,127
134.0,128.0,157.0,134,128
136.0,129.0,159.0,135,129
137.0,130.0,160.0,136,131
138.0,131.0,161.0,137,132
139.0,132.0,162.0,138,133
140.0,133.0,163.0,139,135
141.0,134.0,166.0,140,136
142.0,135.0,168.0,141,137
143.0,136.0,169.0,142,138
144.0,137.0,170.0,143,139
145.0,138.0,172.0,144,140
146.0,139.0,173.0,146,141
147.0,140.0,174.0,147,142
148.0,142.0,175.0,148,144
149.0,143.0,176.0,150,145
150.0,144.0,177.0,151,147
151.0,145.0,179.0,152,148
152.0,146.0,180.0,155,149
153.0,149.0,181.0,156,153
154.0,150.0,182.0,158,154
155.0,151.0,184.0,160,155
156.0,152.0,185.0,161,156
157.0,153.0,186.0,162,157
158.0,154.0,187.0,163,158
159.0,156.0,188.0,164,159
160.0,157.0,189.0,165,162
161.0,158.0,190.0,166,163
164.0,159.0,191.0,167,164
165.0,160.0,192.0,168,165
166.0,161.0,194.0,170,167
167.0,162.0,196.0,171,168
169.0,163.0,197.0,173,169
170.0,164.0,198.0,174,170
171.0,165.0,199.0,175,171
172.0,166.0,200.0,177,172
174.0,167.0,201.0,178,173
176.0,168.0,202.0,179,174
177.0,169.0,203.0,181,175
178.0,171.0,205.0,182,176
179.0,172.0,206.0,183,177
180.0,173.0,207.0,184,178
181.0,175.0,208.0,185,179
182.0,176.0,210.0,186,180
183.0,178.0,211.0,187,181
184.0,180.0,212.0,188,182
186.0,183.0,214.0,189,183
187.0,185.0,216.0,192,184
189.0,186.0,217.0,193,185
190.0,187.0,218.0,194,188
191.0,188.0,219.0,195,190
192.0,189.0,220.0,196,191
193.0,190.0,221.0,197,192
195.0,191.0,223.0,198,193
197.0,193.0,225.0,199,194
198.0,194.0,226.0,200,195
199.0,195.0,229.0,201,196
200.0,196.0,230.0,202,198
201.0,197.0,231.0,203,199
202.0,200.0,233.0,204,203
204.0,201.0,234.0,205,204
205.0,202.0,236.0,206,208
206.0,203.0,237.0,207,209
207.0,204.0,239.0,208,210
208.0,205.0,240.0,209,211
209.0,206.0,241.0,210,212
213.0,207.0,243.0,211,213
214.0,209.0,244.0,212,214
215.0,210.0,245.0,213,215
216.0,211.0,246.0,214,217
217.0,212.0,247.0,215,218
219.0,213.0,250.0,216,220
221.0,215.0,251.0,218,221
222.0,216.0,252.0,219,222
223.0,217.0,253.0,220,223
224.0,218.0,254.0,221,224
225.0,219.0,255.0,222,226
226.0,220.0,256.0,224,227
227.0,222.0,257.0,225,228
228.0,223.0,259.0,226,231
229.0,224.0,261.0,227,232
230.0,225.0,262.0,228,233
232.0,227.0,263.0,229,234
234.0,228.0,264.0,230,235
235.0,229.0,265.0,231,236
236.0,230.0,266.0,232,237
238.0,231.0,268.0,233,238
240.0,232.0,269.0,235,239
241.0,233.0,270.0,236,240
242.0,234.0,271.0,237,242
243.0,235.0,272.0,238,243
244.0,237.0,273.0,239,244
245.0,238.0,274.0,240,245
246.0,239.0,275.0,241,247
248.0,241.0,276.0,242,248
249.0,242.0,277.0,243,249
250.0,245.0,278.0,244,250
252.0,246.0,279.0,246,251
253.0,247.0,281.0,247,254
255.0,248.0,283.0,248,255
257.0,249.0,284.0,249,256
258.0,251.0,285.0,250,257
259.0,252.0,286.0,251,258
260.0,253.0,287.0,252,259
262.0,254.0,288.0,253,260
263.0,255.0,289.0,254,261
264.0,256.0,292.0,256,263
265.0,257.0,293.0,258,264
267.0,258.0,295.0,259,265
268.0,260.0,296.0,260,266
269.0,261.0,297.0,261,267
271.0,262.0,298.0,262,268
272.0,263.0,300.0,265,270
273.0,264.0,301.0,266,271
274.0,266.0,303.0,267,272
276.0,267.0,304.0,269,273
277.0,268.0,305.0,270,274
278.0,269.0,306.0,271,275
279.0,270.0,307.0,272,277
280.0,275.0,308.0,273,278
282.0,276.0,309.0,274,280
283.0,278.0,310.0,275,281
284.0,279.0,311.0,276,282
285.0,280.0,312.0,277,283
286.0,281.0,313.0,279,284
287.0,282.0,315.0,280,285
288.0,283.0,316.0,281,286
290.0,284.0,317.0,282,287
291.0,288.0,320.0,285,289
292.0,289.0,322.0,286,290
293.0,290.0,324.0,287,291
294.0,291.0,326.0,288,292
295.0,293.0,327.0,289,294
296.0,294.0,329.0,290,296
299.0,295.0,330.0,291,297
301.0,297.0,331.0,292,298
302.0,298.0,332.0,293,299
304.0,299.0,334.0,294,300
308.0,300.0,335.0,295,301
309.0,301.0,337.0,296,302
310.0,302.0,338.0,297,303
311.0,303.0,339.0,298,304
312.0,304.0,340.0,299,305
313.0,305.0,341.0,300,306
314.0,306.0,342.0,302,307
315.0,307.0,343.0,303,308
317.0,313.0,344.0,305,309
318.0,314.0,345.0,306,310
319.0,315.0,346.0,307,311
320.0,316.0,347.0,308,312
321.0,317.0,350.0,309,313
323.0,318.0,351.0,310,314
325.0,319.0,352.0,311,316
326.0,320.0,353.0,312,318
327.0,321.0,354.0,314,319
328.0,322.0,356.0,315,320
329.0,323.0,357.0,316,321
330.0,324.0,358.0,317,322
332.0,325.0,360.0,318,323
333.0,328.0,361.0,319,324
334.0,330.0,363.0,321,325
335.0,331.0,365.0,322,326
336.0,333.0,366.0,323,327
337.0,335.0,367.0,324,328
338.0,336.0,368.0,325,329
339.0,337.0,369.0,326,331
340.0,338.0,370.0,327,332
341.0,340.0,371.0,328,333
343.0,342.0,372.0,329,334
345.0,343.0,373.0,330,335
346.0,344.0,374.0,331,336
347.0,345.0,376.0,332,338
348.0,347.0,377.0,333,339
349.0,348.0,378.0,334,340
355.0,349.0,379.0,336,341
356.0,350.0,380.0,337,342
357.0,351.0,381.0,339,344
358.0,352.0,382.0,341,346
359.0,353.0,383.0,342,347
360.0,354.0,384.0,343,348
362.0,355.0,385.0,344,349
363.0,356.0,386.0,345,350
364.0,357.0,387.0,346,351
365.0,359.0,389.0,348,352
369.0,361.0,391.0,349,353
370.0,362.0,392.0,350,354
371.0,364.0,393.0,351,355
372.0,366.0,394.0,352,356
373.0,367.0,395.0,353,357
375.0,368.0,396.0,354,358
376.0,369.0,397.0,355,359
377.0,372.0,398.0,358,360
378.0,373.0,399.0,359,361
379.0,374.0,400.0,360,362
380.0,375.0,401.0,361,363
381.0,378.0,402.0,362,364
384.0,379.0,403.0,363,365
385.0,382.0,405.0,364,366
386.0,383.0,406.0,365,367
387.0,384.0,407.0,366,368
388.0,385.0,408.0,367,369
389.0,386.0,411.0,368,370
390.0,387.0,412.0,370,371
391.0,388.0,413.0,371,372
392.0,389.0,414.0,374,373
395.0,390.0,415.0,375,374
396.0,391.0,416.0,376,375
397.0,392.0,417.0,377,376
398.0,393.0,418.0,378,377
399.0,394.0,420.0,379,380
400.0,395.0,422.0,380,381
401.0,396.0,423.0,381,382
402.0,397.0,425.0,382,383
403.0,399.0,426.0,383,386
404.0,400.0,427.0,384,388
405.0,401.0,428.0,385,389
406.0,402.0,429.0,387,390
407.0,403.0,430.0,388,393
408.0,404.0,431.0,390,394
409.0,406.0,432.0,391,395
410.0,407.0,433.0,392,396
412.0,409.0,435.0,393,398
413.0,410.0,436.0,394,399
415.0,411.0,437.0,397,404
417.0,412.0,438.0,398,405
418.0,414.0,439.0,400,407
419.0,416.0,441.0,401,408
420.0,417.0,442.0,402,409
421.0,418.0,443.0,403,410
423.0,419.0,444.0,404,411
424.0,421.0,445.0,405,412
425.0,422.0,449.0,406,413
426.0,424.0,450.0,408,414
428.0,427.0,451.0,409,415
430.0,429.0,452.0,410,416
431.0,431.0,453.0,411,417
434.0,432.0,454.0,413,419
435.0,433.0,455.0,414,420
436.0,434.0,456.0,415,421
437.0,437.0,457.0,416,422
439.0,438.0,459.0,418,423
440.0,440.0,460.0,419,424
441.0,441.0,461.0,420,425
442.0,443.0,462.0,421,426
443.0,444.0,463.0,422,427
444.0,446.0,464.0,423,428
445.0,447.0,465.0,424,429
446.0,448.0,466.0,425,430
447.0,449.0,468.0,426,431
448.0,450.0,469.0,427,432
449.0,452.0,470.0,428,433
451.0,453.0,471.0,429,434
452.0,454.0,472.0,430,435
454.0,455.0,473.0,432,436
455.0,456.0,474.0,433,438
456.0,458.0,475.0,434,439
457.0,459.0,476.0,435,440
458.0,460.0,478.0,436,442
459.0,462.0,479.0,437,443
460.0,463.0,480.0,438,444
461.0,464.0,481.0,439,445
463.0,466.0,482.0,440,446
465.0,467.0,483.0,441,447
466.0,469.0,484.0,442,448
467.0,470.0,485.0,445,449
468.0,471.0,486.0,446,450
469.0,472.0,487.0,447,451
470.0,473.0,488.0,448,453
472.0,474.0,489.0,450,454
473.0,475.0,490.0,451,456
474.0,476.0,491.0,452,457
475.0,477.0,492.0,453,458
476.0,478.0,493.0,455,460
477.0,479.0,494.0,457,461
481.0,480.0,495.0,458,462
483.0,482.0,496.0,459,464
484.0,484.0,497.0,461,465
486.0,485.0,498.0,462,467
487.0,487.0,499.0,463,468
488.0,488.0,500.0,464,470
489.0,489.0,501.0,465,471
490.0,491.0,502.0,466,473
491.0,492.0,504.0,467,475
492.0,494.0,505.0,468,476
493.0,495.0,506.0,469,477
496.0,496.0,507.0,471,478
497.0,498.0,508.0,472,479
498.0,499.0,509.0,474,480
499.0,501.0,510.0,477,481
500.0,502.0,511.0,478,482
501.0,503.0,512.0,479,483
502.0,504.0,513.0,480,485
503.0,507.0,514.0,481,486
504.0,508.0,515.0,482,487
505.0,509.0,517.0,483,489
506.0,510.0,518.0,484,490
508.0,511.0,519.0,485,491
509.0,512.0,520.0,486,493
510.0,514.0,521.0,488,494
511.0,515.0,522.0,490,495
512.0,516.0,524.0,492,496
513.0,517.0,526.0,493,497
515.0,519.0,527.0,494,498
516.0,520.0,528.0,495,499
517.0,521.0,529.0,497,500
518.0,523.0,530.0,500,501
520.0,524.0,532.0,502,503
521.0,525.0,534.0,503,504
522.0,526.0,535.0,505,505
523.0,527.0,537.0,506,506
524.0,529.0,538.0,507,507
525.0,530.0,539.0,508,511
528.0,531.0,540.0,509,512
531.0,533.0,543.0,510,513
532.0,534.0,544.0,513,514
533.0,535.0,546.0,514,515
536.0,536.0,548.0,516,516
537.0,537.0,550.0,518,517
539.0,538.0,551.0,519,518
540.0,539.0,552.0,520,519
541.0,540.0,554.0,522,521
542.0,541.0,555.0,523,522
545.0,542.0,556.0,524,523
546.0,543.0,557.0,525,525
547.0,544.0,559.0,526,526
548.0,545.0,560.0,527,527
549.0,546.0,561.0,528,528
550.0,547.0,562.0,529,529
551.0,549.0,563.0,530,530
553.0,550.0,564.0,531,531
556.0,552.0,565.0,532,532
557.0,553.0,566.0,533,533
558.0,554.0,567.0,534,534
559.0,555.0,568.0,535,535
560.0,556.0,569.0,536,536
561.0,558.0,570.0,538,537
562.0,559.0,572.0,540,538
563.0,562.0,574.0,541,539
564.0,563.0,575.0,542,541
565.0,564.0,576.0,543,542
566.0,565.0,577.0,544,543
567.0,568.0,579.0,545,544
568.0,569.0,580.0,547,545
569.0,570.0,581.0,548,546
571.0,571.0,582.0,549,547
573.0,572.0,583.0,550,548
574.0,573.0,584.0,551,549
575.0,574.0,585.0,552,551
576.0,577.0,586.0,553,552
577.0,578.0,587.0,554,553
578.0,579.0,588.0,555,554
580.0,580.0,589.0,556,555
586.0,581.0,590.0,557,557
587.0,582.0,591.0,558,558
588.0,583.0,592.0,560,559
589.0,584.0,593.0,561,560
590.0,585.0,595.0,562,561
592.0,586.0,596.0,563,566
593.0,587.0,598.0,564,567
594.0,591.0,599.0,565,568
595.0,592.0,600.0,566,569
596.0,594.0,601.0,567,570
597.0,595.0,602.0,570,571
598.0,597.0,604.0,571,572
600.0,599.0,606.0,572,573
601.0,600.0,607.0,573,574
603.0,602.0,608.0,575,575
604.0,603.0,609.0,576,576
605.0,604.0,610.0,577,578
606.0,605.0,611.0,578,579
608.0,606.0,612.0,579,580
609.0,607.0,613.0,581,581
612.0,608.0,614.0,582,582
614.0,610.0,616.0,583,583
615.0,611.0,617.0,584,584
616.0,612.0,618.0,585,585
619.0,613.0,619.0,586,587
621.0,615.0,620.0,588,588
622.0,616.0,621.0,589,589
623.0,617.0,623.0,590,590
624.0,618.0,625.0,591,591
625.0,620.0,627.0,592,593
626.0,622.0,628.0,593,594
627.0,623.0,629.0,594,595
629.0,624.0,630.0,596,596
631.0,625.0,631.0,597,597
632.0,626.0,632.0,598,598
633.0,627.0,633.0,599,599
634.0,628.0,635.0,600,601
635.0,630.0,637.0,601,602
636.0,632.0,639.0,602,603
638.0,633.0,640.0,603,604
639.0,634.0,641.0,605,605
640.0,635.0,642.0,607,606
641.0,636.0,643.0,608,607
642.0,637.0,645.0,609,609
643.0,638.0,646.0,610,610
644.0,639.0,647.0,611,611
645.0,640.0,648.0,612,613
646.0,641.0,650.0,613,614
647.0,642.0,651.0,614,615
648.0,644.0,652.0,615,616
649.0,645.0,653.0,617,617
650.0,646.0,654.0,618,618
652.0,647.0,655.0,619,619
653.0,648.0,656.0,620,620
655.0,649.0,657.0,621,621
656.0,651.0,658.0,622,622
657.0,652.0,659.0,623,624
658.0,653.0,660.0,624,625
659.0,654.0,662.0,626,626
660.0,655.0,663.0,627,628
661.0,656.0,667.0,628,629
662.0,657.0,669.0,629,630
663.0,658.0,670.0,630,631
664.0,659.0,671.0,631,633
665.0,661.0,674.0,632,634
666.0,662.0,675.0,634,635
667.0,663.0,677.0,636,636
668.0,664.0,678.0,637,637
669.0,665.0,679.0,638,638
671.0,666.0,680.0,639,643
672.0,667.0,681.0,640,644
673.0,668.0,683.0,641,649
675.0,670.0,684.0,642,650
676.0,671.0,685.0,643,651
677.0,672.0,686.0,644,652
680.0,673.0,687.0,645,653
681.0,674.0,689.0,646,654
682.0,675.0,690.0,647,655
683.0,676.0,692.0,648,656
684.0,678.0,693.0,649,657
685.0,679.0,694.0,650,658
686.0,681.0,696.0,651,660
687.0,682.0,697.0,654,661
688.0,683.0,698.0,659,662
689.0,684.0,699.0,660,664
690.0,685.0,700.0,661,665
691.0,686.0,701.0,663,666
692.0,687.0,702.0,664,667
694.0,688.0,703.0,665,668
695.0,689.0,704.0,666,669
696.0,690.0,705.0,668,670
697.0,691.0,706.0,669,671
698.0,693.0,707.0,670,672
699.0,695.0,708.0,672,673
700.0,696.0,709.0,673,674
702.0,697.0,710.0,674,675
703.0,698.0,712.0,676,676
704.0,699.0,713.0,677,677
705.0,701.0,715.0,678,678
706.0,702.0,717.0,679,679
707.0,703.0,719.0,680,680
708.0,708.0,720.0,681,682
709.0,709.0,721.0,682,684
710.0,711.0,722.0,683,685
711.0,712.0,725.0,686,688
713.0,713.0,726.0,687,689
714.0,714.0,727.0,688,690
715.0,716.0,728.0,691,691
716.0,717.0,729.0,692,692
717.0,718.0,730.0,693,693
718.0,719.0,731.0,694,694
719.0,720.0,732.0,695,695
721.0,723.0,733.0,698,696
722.0,724.0,734.0,699,697
723.0,725.0,735.0,700,700
724.0,726.0,736.0,701,701
725.0,728.0,738.0,702,703
726.0,729.0,739.0,704,704
727.0,730.0,740.0,705,705
728.0,731.0,741.0,706,706
729.0,732.0,742.0,707,707
731.0,734.0,743.0,709,708
732.0,735.0,744.0,710,710
733.0,737.0,745.0,711,711
734.0,738.0,746.0,712,712
735.0,739.0,747.0,714,713
736.0,740.0,748.0,715,714
737.0,742.0,749.0,716,715
738.0,743.0,750.0,718,716
739.0,744.0,751.0,719,717
740.0,746.0,752.0,720,718
741.0,747.0,753.0,721,720
742.0,748.0,755.0,722,721
745.0,749.0,756.0,723,722
747.0,750.0,757.0,724,723
748.0,751.0,758.0,725,724
749.0,753.0,759.0,727,726
750.0,754.0,760.0,729,727
751.0,755.0,761.0,730,728
752.0,757.0,763.0,733,730
753.0,758.0,764.0,736,731
754.0,759.0,765.0,737,732
756.0,760.0,766.0,741,733
758.0,761.0,767.0,742,734
760.0,762.0,768.0,743,735
761.0,763.0,769.0,744,736
762.0,764.0,771.0,745,737
763.0,766.0,772.0,746,738
765.0,768.0,773.0,747,739
766.0,769.0,774.0,748,740
767.0,770.0,775.0,749,741
768.0,771.0,776.0,751,743
769.0,773.0,777.0,752,744
770.0,775.0,779.0,754,745
772.0,776.0,780.0,755,746
773.0,778.0,781.0,756,750
774.0,779.0,782.0,757,752
775.0,780.0,783.0,759,753
776.0,782.0,784.0,762,754
777.0,783.0,785.0,763,755
778.0,784.0,787.0,764,756
779.0,785.0,788.0,765,757
781.0,786.0,789.0,766,758
783.0,787.0,790.0,767,759
784.0,788.0,791.0,769,760
786.0,789.0,792.0,770,761
789.0,790.0,794.0,771,762
790.0,791.0,795.0,772,764
791.0,792.0,797.0,774,765
793.0,793.0,798.0,775,767
794.0,794.0,800.0,776,768
795.0,795.0,801.0,777,770
796.0,796.0,802.0,778,771
797.0,797.0,804.0,779,772
798.0,799.0,805.0,780,773
799.0,800.0,806.0,781,774
800.0,801.0,807.0,782,777
801.0,802.0,808.0,785,778
803.0,803.0,809.0,786,780
804.0,804.0,812.0,787,781
805.0,805.0,814.0,788,782
806.0,808.0,815.0,791,783
807.0,809.0,817.0,792,784
810.0,810.0,818.0,793,785
811.0,811.0,819.0,794,786
812.0,813.0,821.0,795,787
813.0,814.0,822.0,796,788
814.0,815.0,823.0,798,789
815.0,816.0,824.0,799,790
816.0,820.0,825.0,800,792
817.0,821.0,827.0,802,793
818.0,822.0,828.0,803,796
819.0,823.0,829.0,804,797
820.0,825.0,830.0,805,798
821.0,826.0,831.0,806,799
822.0,827.0,832.0,807,801
823.0,828.0,833.0,808,802
824.0,829.0,834.0,809,803
825.0,830.0,835.0,810,806
826.0,831.0,836.0,811,807
827.0,833.0,837.0,812,808
828.0,834.0,838.0,813,809
830.0,835.0,840.0,815,810
831.0,836.0,843.0,816,811
832.0,837.0,845.0,817,812
833.0,838.0,848.0,818,813
835.0,839.0,850.0,819,814
837.0,840.0,851.0,820,816
839.0,841.0,853.0,821,817
840.0,842.0,854.0,824,818
841.0,843.0,855.0,826,819
842.0,844.0,856.0,829,820
844.0,846.0,857.0,831,822
845.0,847.0,859.0,832,823
846.0,848.0,860.0,834,824
847.0,849.0,861.0,835,825
848.0,850.0,863.0,836,826
849.0,851.0,866.0,838,827
850.0,852.0,868.0,839,828
851.0,853.0,869.0,840,829
852.0,854.0,870.0,841,830
853.0,855.0,871.0,842,832
854.0,856.0,872.0,843,833
856.0,857.0,874.0,844,834
858.0,858.0,875.0,845,836
860.0,859.0,876.0,846,837
861.0,860.0,877.0,847,838
862.0,862.0,878.0,849,839
863.0,863.0,879.0,852,841
864.0,864.0,880.0,854,842
865.0,865.0,881.0,855,843
866.0,866.0,882.0,856,844
867.0,867.0,883.0,857,845
868.0,868.0,884.0,858,846
869.0,870.0,885.0,859,847
870.0,871.0,886.0,860,848
871.0,872.0,887.0,861,849
872.0,873.0,888.0,862,850
873.0,875.0,889.0,863,851
874.0,876.0,890.0,864,852
875.0,877.0,891.0,865,853
876.0,878.0,894.0,867,855
877.0,880.0,895.0,869,857
878.0,882.0,896.0,870,858
879.0,883.0,897.0,871,859
880.0,884.0,900.0,873,861
881.0,885.0,902.0,874,862
882.0,887.0,903.0,877,864
883.0,888.0,904.0,878,865
884.0,889.0,905.0,879,866
885.0,890.0,906.0,880,867
886.0,891.0,907.0,881,868
890.0,892.0,908.0,883,869
891.0,893.0,909.0,886,872
892.0,894.0,911.0,887,873
893.0,895.0,912.0,888,874
894.0,896.0,913.0,889,875
895.0,897.0,914.0,891,876
896.0,898.0,915.0,892,879
897.0,899.0,916.0,893,881
898.0,901.0,919.0,896,882
899.0,902.0,920.0,897,884
900.0,906.0,921.0,898,885
901.0,907.0,923.0,899,886
902.0,908.0,924.0,900,887
903.0,909.0,925.0,901,888
904.0,910.0,926.0,903,889
905.0,911.0,927.0,904,890
908.0,912.0,928.0,905,892
910.0,913.0,929.0,906,893
911.0,914.0,931.0,907,894
912.0,917.0,932.0,909,895
913.0,918.0,933.0,910,898
915.0,919.0,934.0,913,899
916.0,920.0,935.0,914,900
917.0,922.0,936.0,915,901
918.0,924.0,937.0,916,902
919.0,926.0,939.0,917,903
920.0,927.0,940.0,918,904
921.0,928.0,941.0,921,905
922.0,929.0,942.0,922,906
923.0,930.0,943.0,923,907
924.0,931.0,945.0,925,908
925.0,933.0,947.0,926,909
927.0,934.0,948.0,928,910
928.0,935.0,949.0,929,911
929.0,936.0,950.0,930,912
930.0,938.0,951.0,931,914
932.0,939.0,952.0,932,915
933.0,944.0,953.0,936,916
934.0,945.0,954.0,937,917
935.0,946.0,955.0,938,918
937.0,947.0,956.0,939,919
938.0,948.0,957.0,940,920
940.0,949.0,958.0,941,921
941.0,950.0,959.0,942,922
942.0,951.0,960.0,943,923
943.0,952.0,961.0,944,924
944.0,953.0,962.0,946,925
945.0,954.0,963.0,948,926
946.0,955.0,965.0,949,927
947.0,956.0,966.0,950,930
951.0,957.0,967.0,951,931
953.0,958.0,968.0,952,932
954.0,959.0,969.0,954,933
955.0,960.0,970.0,955,934
956.0,961.0,971.0,956,935
957.0,962.0,972.0,957,936
958.0,964.0,973.0,960,937
959.0,965.0,974.0,962,938
960.0,966.0,975.0,963,939
961.0,967.0,977.0,964,940
963.0,968.0,978.0,965,941
964.0,969.0,979.0,966,942
967.0,970.0,980.0,968,943
969.0,971.0,981.0,972,944
970.0,972.0,982.0,973,945
971.0,973.0,984.0,974,946
972.0,974.0,986.0,975,947
975.0,975.0,987.0,976,948
976.0,976.0,988.0,978,949
977.0,977.0,991.0,979,950
980.0,978.0,992.0,981,952
981.0,979.0,993.0,982,953
982.0,980.0,994.0,983,958
983.0,981.0,995.0,984,959
984.0,983.0,996.0,985,961
985.0,985.0,998.0,986,962
986.0,988.0,999.0,987,963
987.0,989.0,1000.0,988,964
989.0,990.0,1002.0,989,965
990.0,991.0,1003.0,990,966
991.0,992.0,1004.0,993,967
992.0,993.0,1005.0,994,968
995.0,994.0,1007.0,995,969
996.0,995.0,1008.0,997,970
997.0,996.0,1011.0,998,971
998.0,997.0,1012.0,999,973
999.0,1001.0,1013.0,1000,974
1000.0,1002.0,1014.0,1001,976
1001.0,1003.0,1015.0,1004,977
1002.0,1004.0,1016.0,1005,978
1003.0,1005.0,1017.0,1006,979
1006.0,1006.0,1019.0,1007,980
1008.0,1007.0,1020.0,1009,982
1009.0,1008.0,1021.0,1010,983
1010.0,1009.0,1022.0,1012,984
1011.0,1010.0,1023.0,1013,985
1012.0,1011.0,1024.0,1014,986
1013.0,1012.0,1025.0,1016,987
1014.0,1014.0,1027.0,1017,988
1015.0,1015.0,1028.0,1018,989
1016.0,1016.0,1029.0,1020,990
1017.0,1017.0,1031.0,1021,991
1018.0,1018.0,1032.0,1022,992
1019.0,1019.0,1033.0,1023,993
1020.0,1020.0,1034.0,1025,994
1021.0,1021.0,1035.0,1026,996
1023.0,1022.0,1037.0,1027,997
1024.0,1024.0,1038.0,1028,998
1025.0,1025.0,1039.0,1029,999
1026.0,1026.0,1041.0,1030,1000
1028.0,1027.0,1042.0,1033,1001
1030.0,1028.0,1044.0,1034,1002
1031.0,1029.0,1045.0,1036,1003
1032.0,1030.0,1047.0,1037,1004
1035.0,1031.0,1048.0,1038,1005
1036.0,1032.0,1050.0,1040,1006
1038.0,1033.0,1051.0,1041,1007
1039.0,1034.0,1052.0,1043,1008
1040.0,1035.0,1053.0,1044,1009
1041.0,1036.0,1054.0,1045,1010
1042.0,1037.0,1055.0,1046,1011
1043.0,1038.0,1056.0,1047,1013
1044.0,1039.0,1057.0,1049,1015
1045.0,1040.0,1058.0,1050,1018
1046.0,1042.0,1059.0,1051,1019
1048.0,1043.0,1060.0,1052,1022
1049.0,1044.0,1061.0,1053,1023
1050.0,1045.0,1062.0,1054,1024
1051.0,1046.0,1063.0,1055,1026
1053.0,1047.0,1064.0,1056,1027
1056.0,1048.0,1065.0,1057,1029
1057.0,1049.0,1066.0,1058,1030
1058.0,1051.0,1068.0,1059,1031
1059.0,1052.0,1069.0,1060,1032
1060.0,1054.0,1070.0,1061,1033
1061.0,1055.0,1071.0,1063,1034
1062.0,1056.0,1072.0,1064,1035
1064.0,1059.0,1075.0,1067,1036
1065.0,1060.0,1076.0,1068,1037
1066.0,1062.0,1077.0,1071,1039
1067.0,1063.0,1078.0,1073,1040
1068.0,1064.0,1080.0,1074,1041
1069.0,1065.0,1081.0,1075,1042
1070.0,1066.0,1082.0,1076,1043
1071.0,1067.0,1083.0,1078,1046
1072.0,1069.0,1084.0,1079,1047
1073.0,1070.0,1085.0,1080,1048
1074.0,1071.0,1086.0,1082,1049
1076.0,1072.0,1088.0,1083,1050
1077.0,1073.0,1089.0,1084,1052
1078.0,1074.0,1090.0,1085,1053
1079.0,1075.0,1092.0,1086,1054
1080.0,1076.0,1093.0,1087,1055
1081.0,1077.0,1094.0,1089,1057
1082.0,1079.0,1095.0,1090,1058
1085.0,1081.0,1097.0,1091,1061
1086.0,1082.0,1098.0,1094,1062
1087.0,1083.0,1099.0,1095,1063
1088.0,1084.0,1100.0,1096,1065
1089.0,1086.0,1102.0,1100,1066
1091.0,1087.0,1103.0,1101,1067
1092.0,1088.0,1104.0,1102,1068
1093.0,1090.0,1105.0,1103,1069
1095.0,1091.0,1106.0,1104,1070
1096.0,1092.0,1107.0,1105,1072
1097.0,1093.0,1109.0,1106,1073
1098.0,1094.0,1110.0,1107,1074
1099.0,1095.0,1111.0,1108,1075
1100.0,1096.0,1113.0,1109,1077
1101.0,1097.0,1115.0,1110,1078
1103.0,1098.0,1116.0,1111,1079
1104.0,1099.0,1117.0,1112,1080
1105.0,1101.0,1119.0,1113,1081
1107.0,1102.0,1121.0,1114,1083
1108.0,1104.0,1122.0,1116,1084
1109.0,1106.0,1123.0,1117,1085
1111.0,1108.0,1125.0,1118,1087
1112.0,1109.0,1126.0,1120,1088
1113.0,1110.0,1127.0,1121,1089
1114.0,1112.0,1128.0,1122,1090
1115.0,1114.0,1129.0,1123,1091
1116.0,1115.0,1130.0,1124,1092
1118.0,1117.0,1132.0,1125,1093
1119.0,1118.0,1135.0,1126,1094
1120.0,1119.0,1136.0,1128,1096
1122.0,1120.0,1138.0,1129,1097
1123.0,1121.0,1139.0,1130,1098
1124.0,1122.0,1140.0,1131,1099
1125.0,1123.0,1141.0,1132,1100
1126.0,1124.0,1142.0,1133,1101
1127.0,1126.0,1143.0,1134,1102
1129.0,1127.0,1144.0,1135,1103
1130.0,1128.0,1145.0,1136,1105
1131.0,1129.0,1146.0,1137,1106
1132.0,1130.0,1147.0,1138,1107
1133.0,1131.0,1148.0,1143,1108
1134.0,1133.0,1149.0,1144,1110
1135.0,1134.0,1150.0,1146,1111
1136.0,1135.0,1151.0,1147,1112
1137.0,1136.0,1152.0,1151,1113
1139.0,1137.0,1153.0,1152,1114
1140.0,1138.0,1154.0,1153,1115
1141.0,1139.0,1155.0,1154,1116
1142.0,1140.0,1156.0,1157,1117
1143.0,1141.0,1157.0,1158,1118
1144.0,1142.0,1158.0,1159,1119
1145.0,1143.0,1159.0,1160,1120
1146.0,1145.0,1161.0,1161,1121
1147.0,1147.0,1162.0,1162,1124
1148.0,1148.0,1163.0,1163,1125
1149.0,1149.0,1165.0,1164,1127
1150.0,1150.0,1166.0,1165,1128
1152.0,1151.0,1167.0,1169,1131
1153.0,1152.0,1168.0,1170,1132
1154.0,1153.0,1169.0,1171,1133
1155.0,1154.0,1171.0,1173,1134
1156.0,1155.0,1172.0,1175,1137
1158.0,1156.0,1174.0,1176,1138
1159.0,1157.0,1175.0,1177,1139
1160.0,1158.0,1177.0,1178,1140
1162.0,1160.0,1179.0,1179,1141
1163.0,1161.0,1180.0,1180,1142
1164.0,1162.0,1181.0,1181,1144
1166.0,1164.0,1182.0,1182,1145
1167.0,1165.0,1183.0,1183,1146
1168.0,1166.0,1184.0,1184,1148
1169.0,1167.0,1185.0,1185,1149
1170.0,1168.0,1186.0,1186,1150
1171.0,1170.0,1187.0,1187,1151
1172.0,1171.0,1188.0,1189,1155
1173.0,1172.0,1189.0,1190,1156
1174.0,1173.0,1190.0,1192,1157
1176.0,1174.0,1191.0,1193,1159
1177.0,1175.0,1193.0,1194,1160
1178.0,1176.0,1194.0,1196,1161
1180.0,1178.0,1195.0,1198,1163
1182.0,1179.0,1196.0,1200,1164
1183.0,1180.0,1197.0,1202,1165
1184.0,1181.0,1198.0,1204,1166
1186.0,1183.0,1199.0,1206,1167
1188.0,1184.0,1200.0,1207,1168
1190.0,1185.0,1201.0,1208,1169
1191.0,1186.0,1203.0,1210,1170
1192.0,1187.0,1204.0,1211,1172
1193.0,1188.0,1205.0,1215,1173
1194.0,1189.0,1206.0,1216,1174
1195.0,1191.0,1207.0,1218,1175
1196.0,1192.0,1208.0,1220,1176
1197.0,1194.0,1209.0,1221,1177
1198.0,1195.0,1212.0,1222,1178
1199.0,1197.0,1213.0,1223,1179
1200.0,1199.0,1214.0,1224,1181
1201.0,1201.0,1215.0,1225,1182
1202.0,1202.0,1217.0,1226,1185
1203.0,1203.0,1218.0,1228,1187
1205.0,1204.0,1219.0,1229,1188
1207.0,1205.0,1220.0,1230,1189
1209.0,1206.0,1222.0,1231,1190
1210.0,1207.0,1224.0,1232,1191
1211.0,1208.0,1225.0,1234,1192
1212.0,1209.0,1226.0,1235,1193
1213.0,1210.0,1227.0,1237,1195
1214.0,1211.0,1228.0,1238,1196
1215.0,1212.0,1229.0,1239,1197
1216.0,1213.0,1230.0,1240,1198
1217.0,1214.0,1231.0,1241,1199
1218.0,1215.0,1232.0,1242,1200
1219.0,1216.0,1233.0,1244,1201
1221.0,1217.0,1234.0,1245,1202
1222.0,1218.0,1235.0,1247,1203
1223.0,1219.0,1236.0,1248,1204
1224.0,1220.0,1238.0,1249,1205
1227.0,1221.0,1240.0,1250,1206
1228.0,1223.0,1241.0,1251,1208
1229.0,1224.0,1242.0,1254,1209
1231.0,1225.0,1243.0,1255,1210
1233.0,1226.0,1244.0,1256,1211
1235.0,1227.0,1246.0,1257,1212
1236.0,1230.0,1247.0,1258,1213
1237.0,1232.0,1248.0,1259,1214
1238.0,1233.0,1250.0,1261,1216
1239.0,1234.0,1251.0,1262,1217
1241.0,1236.0,1252.0,1263,1219
1243.0,1237.0,1253.0,1264,1220
1245.0,1238.0,1254.0,1265,1221
1246.0,1239.0,1255.0,1266,1222
1247.0,1240.0,1256.0,1267,1223
1248.0,1241.0,1257.0,1268,1225
1249.0,1242.0,1258.0,1269,1226
1250.0,1243.0,1259.0,1272,1227
1252.0,1244.0,1260.0,1273,1228
1253.0,1245.0,1261.0,1274,1229
1254.0,1246.0,1264.0,1275,1230
1255.0,1248.0,1266.0,1278,1231
1256.0,1249.0,1267.0,1280,1232
1257.0,1250.0,1268.0,1281,1233
1258.0,1251.0,1269.0,1282,1234
1259.0,1252.0,1270.0,1283,1235
1260.0,1253.0,1271.0,1284,1236
1262.0,1254.0,1273.0,1285,1237
1263.0,1256.0,1274.0,1287,1239
1264.0,1257.0,1275.0,1288,1240
1265.0,1260.0,1276.0,1289,1242
1266.0,1261.0,1277.0,1290,1243
1267.0,1262.0,1278.0,1291,1244
1269.0,1263.0,1279.0,1292,1245
1270.0,1264.0,1280.0,1293,1246
1271.0,1265.0,1282.0,1294,1247
1272.0,1266.0,1283.0,1297,1249
1273.0,1267.0,1284.0,1298,1251
1275.0,1268.0,1285.0,1299,1252
1276.0,1270.0,1286.0,1300,1253
1277.0,1271.0,1290.0,1301,1255
1279.0,1272.0,1291.0,1302,1258
1281.0,1274.0,1292.0,1303,1259
1282.0,1275.0,1293.0,1304,1260
1283.0,1276.0,1294.0,1305,1261
1284.0,1277.0,1295.0,1306,1262
1286.0,1278.0,1296.0,1307,1263
1287.0,1279.0,1297.0,1309,1265
1288.0,1280.0,1298.0,1310,1268
1289.0,1281.0,1300.0,1313,1269
1291.0,1282.0,1301.0,1314,1270
1292.0,1285.0,1303.0,1315,1271
1294.0,1286.0,1304.0,1316,1272
1295.0,1287.0,1306.0,1317,1273
1296.0,1288.0,1307.0,1318,1274
1297.0,1289.0,1308.0,1319,1276
1298.0,1290.0,1309.0,1320,1277
1299.0,1291.0,1310.0,1321,1278
1300.0,1293.0,1311.0,1322,1279
1301.0,1294.0,1312.0,1323,1280
1302.0,1295.0,1313.0,1324,1281
1303.0,1296.0,1314.0,1327,1283
1304.0,1297.0,1315.0,1328,1284
1305.0,1299.0,1316.0,1329,1285
1306.0,1300.0,1317.0,1330,1286
1308.0,1302.0,1319.0,1331,1287
1311.0,1305.0,1320.0,1332,1288
1312.0,1306.0,1321.0,1333,1289
1313.0,1307.0,1322.0,1334,1290
1315.0,1308.0,1323.0,1335,1292
1316.0,1309.0,1324.0,1336,1293
1317.0,1310.0,1325.0,1337,1295
1318.0,1311.0,1326.0,1338,1296
1319.0,1312.0,1327.0,1339,1298
1321.0,1314.0,1328.0,1340,1299
1323.0,1318.0,1329.0,1341,1301
1325.0,1320.0,1330.0,1342,1302
1326.0,1321.0,1331.0,1343,1303
1327.0,1322.0,1332.0,1344,1304
1331.0,1324.0,1334.0,1345,1305
1332.0,1325.0,1335.0,1347,1307
1333.0,1326.0,1336.0,1349,1308
1335.0,1327.0,1337.0,1350,1309
1337.0,1328.0,1339.0,1351,1310
1338.0,1329.0,1342.0,1354,1311
1339.0,1330.0,1344.0,1355,1312
1340.0,1332.0,1346.0,1356,1313
1341.0,1333.0,1347.0,1357,1314
1343.0,1334.0,1348.0,1358,1315
1344.0,1336.0,1349.0,1359,1316
1345.0,1337.0,1350.0,1360,1317
1346.0,1338.0,1352.0,1361,1318
1348.0,1340.0,1353.0,1362,1319
1349.0,1341.0,1354.0,1363,1320
1351.0,1342.0,1355.0,1366,1322
1352.0,1343.0,1357.0,1367,1323
1353.0,1345.0,1358.0,1368,1324
1354.0,1346.0,1360.0,1369,1325
1356.0,1347.0,1363.0,1370,1326
1357.0,1348.0,1364.0,1371,1328
1358.0,1349.0,1365.0,1372,1329
1359.0,1350.0,1366.0,1374,1330
1360.0,1351.0,1367.0,1375,1331
1361.0,1352.0,1368.0,1376,1333
1362.0,1353.0,1369.0,1378,1334
1363.0,1354.0,1371.0,1379,1335
1364.0,1355.0,1372.0,1380,1336
1365.0,1356.0,1373.0,1382,1338
1367.0,1359.0,1374.0,1383,1339
1368.0,1361.0,1377.0,1384,1340
1369.0,1362.0,1381.0,1385,1341
1370.0,1363.0,1382.0,1386,1342
1371.0,1364.0,1384.0,1387,1343
1372.0,1365.0,1385.0,1388,1344
1373.0,1366.0,1386.0,1389,1345
1375.0,1367.0,1387.0,1390,1346
1376.0,1369.0,1388.0,1391,1347
1377.0,1370.0,1389.0,1392,1348
1378.0,1371.0,1390.0,1394,1350
1379.0,1372.0,1391.0,1395,1351
1380.0,1373.0,1392.0,1396,1352
1381.0,1374.0,1393.0,1397,1353
1382.0,1375.0,1394.0,1398,1355
1383.0,1376.0,1395.0,1400,1356
1386.0,1377.0,1396.0,1401,1357
1387.0,1378.0,1397.0,1403,1358
1388.0,1379.0,1398.0,1404,1359
1390.0,1380.0,1399.0,1406,1360
1391.0,1381.0,1400.0,1407,1361
1392.0,1382.0,1401.0,1408,1362
1393.0,1383.0,1402.0,1409,1364
1396.0,1384.0,1403.0,1410,1365
1397.0,1385.0,1404.0,1411,1366
1398.0,1388.0,1405.0,1412,1368
1399.0,1389.0,1406.0,1413,1370
1400.0,1390.0,1408.0,1414,1373
1401.0,1393.0,1409.0,1415,1374
1402.0,1394.0,1410.0,1417,1375
1403.0,1395.0,1411.0,1418,1376
1404.0,1396.0,1412.0,1419,1377
1405.0,1397.0,1413.0,1420,1378
1407.0,1398.0,1414.0,1422,1379
1408.0,1399.0,1415.0,1423,1380
1409.0,1400.0,1416.0,1424,1381
1410.0,1402.0,1417.0,1426,1383
1411.0,1405.0,1418.0,1427,1384
1413.0,1406.0,1420.0,1428,1385
1414.0,1407.0,1421.0,1429,1386
1415.0,1408.0,1422.0,1430,1387
1416.0,1409.0,1423.0,1431,1389
1419.0,1410.0,1424.0,1432,1391
1420.0,1411.0,1425.0,1433,1392
1421.0,1412.0,1426.0,1434,1393
1422.0,1413.0,1427.0,1435,1394
1423.0,1415.0,1430.0,1436,1395
1425.0,1416.0,1431.0,1437,1399
1426.0,1417.0,1432.0,1438,1401
1427.0,1418.0,1433.0,1439,1402
1428.0,1419.0,1434.0,1440,1403
1429.0,1421.0,1435.0,1441,1404
1430.0,1424.0,1436.0,1442,1405
1432.0,1425.0,1437.0,1443,1406
1434.0,1426.0,1438.0,1444,1407
1436.0,1428.0,1439.0,1445,1412
1437.0,1429.0,1441.0,1446,1414
1438.0,1430.0,1442.0,1449,1416
1439.0,1431.0,1443.0,1450,1417
1440.0,1433.0,1444.0,1451,1418
1442.0,1434.0,1445.0,1452,1419
1443.0,1435.0,1447.0,1453,1420
1445.0,1437.0,1448.0,1454,1421
1446.0,1438.0,1449.0,1455,1422
1447.0,1439.0,1450.0,1456,1423
1448.0,1440.0,1451.0,1457,1424
1449.0,1441.0,1455.0,1458,1425
1451.0,1443.0,1457.0,1459,1427
1452.0,1444.0,1459.0,1460,1428
1453.0,1445.0,1461.0,1461,1429
1454.0,1446.0,1462.0,1462,1431
1455.0,1447.0,1463.0,1463,1432
1456.0,1448.0,1465.0,1464,1433
1457.0,1450.0,1467.0,1465,1435
1458.0,1451.0,1468.0,1466,1436
1459.0,1452.0,1470.0,1467,1440
1460.0,1453.0,1471.0,1469,1441
1462.0,1454.0,1472.0,1472,1442
1464.0,1456.0,1473.0,1473,1444
1466.0,1458.0,1475.0,1474,1446
1468.0,1459.0,1476.0,1475,1447
1469.0,1460.0,1477.0,1476,1448
1470.0,1461.0,1478.0,1477,1449
1471.0,1462.0,1479.0,1478,1450
1472.0,1463.0,1481.0,1479,1452
1474.0,1464.0,1482.0,1480,1453
1476.0,1465.0,1484.0,1481,1454
1477.0,1466.0,1485.0,1482,1455
1478.0,1467.0,1486.0,1483,1456
1479.0,1468.0,1487.0,1484,1457
1480.0,1469.0,1488.0,1485,1458
1481.0,1470.0,1490.0,1486,1460
1482.0,1471.0,1491.0,1488,1461
1483.0,1473.0,1493.0,1489,1463
1484.0,1474.0,1494.0,1492,1464
1485.0,1475.0,1495.0,1493,1465
1486.0,1478.0,1496.0,1494,1466
1487.0,1479.0,1497.0,1495,1467
1488.0,1480.0,1499.0,1496,1468
1489.0,1482.0,1500.0,1498,1469
1490.0,1483.0,1501.0,1499,1470
1491.0,1484.0,1502.0,1500,1471
1492.0,1485.0,1503.0,1501,1472
1495.0,1487.0,1504.0,1502,1473
1496.0,1489.0,1505.0,1503,1474
1497.0,1490.0,1508.0,1505,1475
1498.0,1491.0,1510.0,1506,1476
1499.0,1492.0,1511.0,1507,1477
1500.0,1493.0,1512.0,1508,1480
1502.0,1494.0,1513.0,1509,1481
1503.0,1495.0,1514.0,1510,1483
1504.0,1496.0,1515.0,1511,1486
1505.0,1497.0,1516.0,1512,1487
1506.0,1498.0,1519.0,1513,1488
1507.0,1499.0,1520.0,1514,1489
1508.0,1500.0,1522.0,1515,1490
1509.0,1501.0,1524.0,1517,1491
1510.0,1504.0,1525.0,1518,1492
1512.0,1506.0,1526.0,1519,1493
1513.0,1507.0,1527.0,1520,1494
1515.0,1508.0,1528.0,1521,1497
1516.0,1509.0,1529.0,1522,1498
1517.0,1511.0,1531.0,1523,1501
1518.0,1513.0,1532.0,1527,1502
1520.0,1514.0,1533.0,1528,1503
1521.0,1515.0,1534.0,1529,1504
1522.0,1516.0,1535.0,1530,1505
1523.0,1517.0,1537.0,1531,1506
1524.0,1518.0,1538.0,1533,1507
1525.0,1519.0,1539.0,1534,1509
1526.0,1520.0,1540.0,1536,1510
1527.0,1521.0,1542.0,1537,1511
1528.0,1522.0,1543.0,1538,1512
1529.0,1523.0,1544.0,1540,1514
1530.0,1524.0,1545.0,1541,1516
1532.0,1525.0,1546.0,1542,1517
1533.0,1526.0,1547.0,1544,1518
1534.0,1527.0,1549.0,1545,1519
1535.0,1528.0,1550.0,1547,1521
1536.0,1529.0,1551.0,1548,1523
1537.0,1530.0,1552.0,1549,1524
1539.0,1531.0,1553.0,1550,1525
1541.0,1532.0,1555.0,1551,1526
1543.0,1533.0,1556.0,1552,1530
1546.0,1534.0,1557.0,1554,1531
1548.0,1535.0,1558.0,1555,1532
1549.0,1536.0,1559.0,1556,1535
1550.0,1538.0,1560.0,1557,1536
1552.0,1539.0,1561.0,1559,1537
1553.0,1540.0,1562.0,1560,1538
1554.0,1541.0,1563.0,1561,1539
1555.0,1542.0,1565.0,1563,1540
1558.0,1543.0,1566.0,1564,1541
1559.0,1544.0,1567.0,1565,1542
1560.0,1545.0,1568.0,1566,1543
1561.0,1546.0,1570.0,1567,1544
1562.0,1547.0,1571.0,1568,1545
1563.0,1548.0,1572.0,1569,1546
1564.0,1551.0,1573.0,1570,1547
1565.0,1553.0,1574.0,1571,1548
1566.0,1554.0,1576.0,1573,1549
1569.0,1556.0,1577.0,1574,1550
1570.0,1557.0,1578.0,1575,1551
1572.0,1558.0,1579.0,1577,1552
1573.0,1562.0,1580.0,1578,1553
1575.0,1564.0,1582.0,1579,1554
1576.0,1567.0,1584.0,1580,1555
1577.0,1568.0,1585.0,1581,1556
1578.0,1569.0,1586.0,1582,1557
1579.0,1570.0,1588.0,1583,1558
1581.0,1571.0,1589.0,1584,1559
1583.0,1572.0,1590.0,1585,1560
1584.0,1574.0,1591.0,1587,1561
1585.0,1575.0,1593.0,1588,1562
1586.0,1576.0,1594.0,1589,1563
1587.0,1577.0,1595.0,1590,1564
1588.0,1579.0,1597.0,1591,1565
1589.0,1580.0,1598.0,1592,1566
1590.0,1581.0,1599.0,1593,1567
1591.0,1582.0,1600.0,1594,1568
1592.0,1583.0,1601.0,1595,1569
1595.0,1584.0,1602.0,1596,1571
1596.0,1585.0,1603.0,1597,1572
1597.0,1586.0,1604.0,1598,1573
1598.0,1587.0,1605.0,1599,1574
1600.0,1589.0,1608.0,1600,1575
1602.0,1590.0,1609.0,1601,1576
1603.0,1592.0,1610.0,1603,1578
1604.0,1593.0,1611.0,1604,1580
1605.0,1594.0,1613.0,1605,1581
1606.0,1595.0,1614.0,1606,1582
1607.0,1596.0,1615.0,1607,1583
1608.0,1597.0,1616.0,1608,1586
1609.0,1598.0,1618.0,1609,1587
1612.0,1599.0,1619.0,1610,1588
1613.0,1601.0,1620.0,1611,1591
1615.0,1602.0,1624.0,1612,1592
1616.0,1603.0,1626.0,1613,1593
1617.0,1606.0,1627.0,1614,1594
1618.0,1607.0,1628.0,1615,1596
1619.0,1610.0,1629.0,1616,1599
1620.0,1611.0,1630.0,1617,1600
1621.0,1612.0,1631.0,1618,1601
1622.0,1614.0,1632.0,1619,1602
1623.0,1617.0,1633.0,1620,1604
1625.0,1621.0,1634.0,1621,1605
1626.0,1622.0,1635.0,1622,1606
1627.0,1623.0,1636.0,1623,1607
1628.0,1624.0,1637.0,1624,1608
1629.0,1625.0,1638.0,1625,1609
1630.0,1626.0,1639.0,1627,1610
1631.0,1627.0,1640.0,1629,1611
1632.0,1628.0,1641.0,1631,1612
1633.0,1630.0,1642.0,1633,1613
1634.0,1631.0,1643.0,1634,1614
1636.0,1632.0,1646.0,1635,1615
1637.0,1633.0,1647.0,1636,1616
1638.0,1634.0,1648.0,1637,1617
1639.0,1635.0,1649.0,1638,1618
1643.0,1636.0,1650.0,1640,1619
1644.0,1638.0,1652.0,1641,1620
1645.0,1639.0,1653.0,1642,1621
1646.0,1640.0,1654.0,1643,1622
1647.0,1641.0,1655.0,1644,1623
1648.0,1642.0,1656.0,1645,1624
1650.0,1643.0,1657.0,1647,1625
1651.0,1644.0,1658.0,1648,1626
1652.0,1645.0,1659.0,1649,1628
1653.0,1646.0,1660.0,1650,1629
1655.0,1648.0,1661.0,1651,1630
1657.0,1649.0,1662.0,1652,1632
1658.0,1651.0,1663.0,1653,1635
1659.0,1654.0,1664.0,1654,1637
1661.0,1656.0,1665.0,1655,1639
1663.0,1657.0,1666.0,1656,1640
1664.0,1658.0,1667.0,1657,1641
1665.0,1659.0,1668.0,1660,1642
1667.0,1660.0,1670.0,1661,1644
1669.0,1661.0,1671.0,1662,1645
1670.0,1662.0,1674.0,1663,1646
1672.0,1663.0,1675.0,1665,1647
1673.0,1664.0,1676.0,1666,1649
1674.0,1665.0,1677.0,1668,1650
1677.0,1666.0,1678.0,1669,1651
1678.0,1667.0,1679.0,1670,1652
1679.0,1668.0,1680.0,1671,1653
1680.0,1669.0,1681.0,1672,1654
1681.0,1671.0,1682.0,1673,1655
1682.0,1672.0,1683.0,1675,1656
1683.0,1673.0,1684.0,1676,1658
1684.0,1674.0,1685.0,1677,1659
1685.0,1675.0,1686.0,1678,1660
1686.0,1676.0,1687.0,1679,1662
1687.0,1678.0,1688.0,1680,1664
1689.0,1683.0,1690.0,1681,1666
1690.0,1684.0,1691.0,1682,1667
1691.0,1685.0,1692.0,1683,1668
1692.0,1686.0,1693.0,1685,1669
1694.0,1687.0,1694.0,1687,1670
1695.0,1688.0,1695.0,1688,1671
1696.0,1689.0,1697.0,1689,1672
1697.0,1692.0,1698.0,1690,1673
1698.0,1693.0,1699.0,1691,1674
1700.0,1694.0,1700.0,1693,1675
1701.0,1695.0,1701.0,1694,1676
1702.0,1696.0,1702.0,1695,1677
1703.0,1697.0,1703.0,1696,1679
1704.0,1698.0,1704.0,1698,1680
1705.0,1699.0,1705.0,1699,1681
1706.0,1700.0,1706.0,1700,1682
1707.0,1702.0,1707.0,1701,1684
1708.0,1704.0,1709.0,1703,1686
1709.0,1705.0,1710.0,1704,1688
1710.0,1706.0,1711.0,1705,1689
1711.0,1707.0,1712.0,1706,1690
1713.0,1708.0,1714.0,1707,1691
1714.0,1709.0,1715.0,1708,1692
1715.0,1710.0,1716.0,1712,1693
1716.0,1711.0,1717.0,1713,1696
1717.0,1712.0,1718.0,1714,1697
1719.0,1713.0,1720.0,1715,1699
1720.0,1714.0,1721.0,1716,1701
1721.0,1715.0,1722.0,1718,1702
1722.0,1717.0,1723.0,1719,1703
1723.0,1718.0,1724.0,1721,1708
1724.0,1719.0,1725.0,1722,1709
1725.0,1720.0,1727.0,1723,1710
1726.0,1722.0,1728.0,1724,1711
1727.0,1724.0,1730.0,1725,1712
1728.0,1725.0,1731.0,1726,1713
1729.0,1726.0,1732.0,1727,1716
1730.0,1729.0,1733.0,1728,1717
1732.0,1731.0,1735.0,1729,1718
1734.0,1733.0,1737.0,1730,1719
1735.0,1734.0,1738.0,1731,1720
1736.0,1735.0,1739.0,1732,1721
1737.0,1736.0,1740.0,1733,1723
1738.0,1737.0,1741.0,1734,1726
1739.0,1740.0,1742.0,1735,1727
1740.0,1743.0,1744.0,1736,1728
1741.0,1744.0,1745.0,1738,1729
1742.0,1745.0,1746.0,1739,1730
1743.0,1746.0,1747.0,1740,1731
1744.0,1747.0,1748.0,1741,1732
1746.0,1748.0,1749.0,1742,1733
1748.0,1749.0,1750.0,1743,1734
1749.0,1750.0,1751.0,1745,1736
1750.0,1751.0,1752.0,1747,1737
1751.0,1752.0,1753.0,1748,1738
1752.0,1753.0,1754.0,1750,1739
1753.0,1755.0,1755.0,1751,1741
1754.0,1756.0,1756.0,1752,1742
1755.0,1757.0,1757.0,1754,1743
1756.0,1758.0,1758.0,1755,1744
1757.0,1759.0,1759.0,1757,1745
1760.0,1760.0,1760.0,1758,1746
1761.0,1762.0,1761.0,1759,1747
1762.0,1764.0,1762.0,1760,1749
1763.0,1765.0,1763.0,1761,1753
1765.0,1767.0,1764.0,1762,1754
1766.0,1768.0,1765.0,1763,1756
1768.0,1769.0,1766.0,1764,1758
1771.0,1770.0,1767.0,1766,1759
1772.0,1771.0,1768.0,1767,1761
1773.0,1772.0,1769.0,1768,1763
1774.0,1773.0,1770.0,1769,1764
1776.0,1775.0,1771.0,1770,1765
1777.0,1776.0,1772.0,1771,1766
1778.0,1777.0,1773.0,1772,1767
1779.0,1779.0,1774.0,1773,1769
1780.0,1780.0,1775.0,1774,1770
1781.0,1781.0,1776.0,1775,1774
1782.0,1782.0,1777.0,1776,1775
1783.0,1783.0,1778.0,1778,1777
1784.0,1784.0,1779.0,1779,1778
1785.0,1785.0,1781.0,1780,1780
1786.0,1786.0,1782.0,1782,1781
1788.0,1787.0,1783.0,1784,1783
1789.0,1789.0,1786.0,1785,1784
1790.0,1790.0,1787.0,1787,1785
1791.0,1791.0,1788.0,1788,1786
1792.0,1792.0,1790.0,1789,1787
1793.0,1793.0,1791.0,1792,1788
1794.0,1794.0,1792.0,1794,1789
1795.0,1795.0,1793.0,1795,1790
1796.0,1796.0,1795.0,1796,1791
1797.0,1797.0,1796.0,1798,1793
1798.0,1798.0,1797.0,1800,1794
1799.0,1799.0,1798.0,1801,1797
1800.0,1800.0,1799.0,1802,1799
1803.0,1801.0,1801.0,1803,1800
1804.0,1802.0,1802.0,1804,1801
1805.0,1803.0,1806.0,1805,1802
1806.0,1804.0,1808.0,1806,1803
1807.0,1805.0,1809.0,1807,1804
1808.0,1806.0,1810.0,1808,1805
1809.0,1807.0,1811.0,1811,1807
1810.0,1809.0,1813.0,1812,1808
1811.0,1810.0,1814.0,1813,1809
1812.0,1811.0,1816.0,1814,1810
1814.0,1812.0,1817.0,1815,1812
1815.0,1813.0,1818.0,1816,1813
1816.0,1814.0,1819.0,1817,1815
1818.0,1815.0,1821.0,1818,1817
1819.0,1816.0,1822.0,1820,1818
1820.0,1817.0,1823.0,1821,1819
1823.0,1819.0,1825.0,1822,1820
1824.0,1820.0,1826.0,1824,1821
1825.0,1821.0,1828.0,1825,1822
1826.0,1822.0,1829.0,1826,1823
1827.0,1823.0,1830.0,1827,1824
1828.0,1824.0,1831.0,1828,1827
1829.0,1825.0,1832.0,1830,1828
1831.0,1826.0,1833.0,1831,1829
1833.0,1827.0,1835.0,1832,1830
1834.0,1829.0,1836.0,1834,1831
1835.0,1830.0,1838.0,1835,1832
1836.0,1832.0,1839.0,1836,1833
1837.0,1833.0,1841.0,1837,1834
1838.0,1834.0,1842.0,1838,1835
1839.0,1836.0,1843.0,1839,1837
1840.0,1837.0,1844.0,1840,1840
1842.0,1838.0,1845.0,1841,1841
1843.0,1839.0,1846.0,1842,1843
1844.0,1840.0,1848.0,1843,1847
1845.0,1841.0,1849.0,1844,1848
1846.0,1842.0,1850.0,1845,1849
1847.0,1844.0,1851.0,1846,1850
1849.0,1845.0,1852.0,1847,1852
1851.0,1846.0,1853.0,1848,1853
1852.0,1847.0,1854.0,1849,1855
1853.0,1848.0,1855.0,1850,1856
1854.0,1850.0,1856.0,1851,1857
1857.0,1851.0,1860.0,1853,1858
1858.0,1852.0,1862.0,1854,1859
1859.0,1854.0,1863.0,1855,1860
1861.0,1855.0,1864.0,1856,1861
1862.0,1856.0,1865.0,1857,1863
1863.0,1857.0,1866.0,1858,1864
1864.0,1858.0,1868.0,1859,1865
1865.0,1859.0,1869.0,1860,1867
1866.0,1860.0,1870.0,1861,1868
1867.0,1861.0,1871.0,1862,1869
1870.0,1862.0,1872.0,1864,1870
1871.0,1863.0,1873.0,1865,1871
1872.0,1866.0,1875.0,1866,1872
1873.0,1867.0,1876.0,1867,1873
1874.0,1868.0,1877.0,1868,1874
1876.0,1869.0,1878.0,1869,1875
1877.0,1873.0,1879.0,1870,1876
1878.0,1874.0,1880.0,1871,1877
1879.0,1875.0,1881.0,1872,1878
1880.0,1878.0,1882.0,1874,1879
1881.0,1880.0,1883.0,1875,1881
1882.0,1881.0,1884.0,1876,1882
1883.0,1882.0,1885.0,1877,1884
1884.0,1883.0,1886.0,1879,1887
1885.0,1884.0,1887.0,1880,1888
1886.0,1885.0,1888.0,1883,1889
1888.0,1886.0,1890.0,1885,1890
1889.0,1887.0,1891.0,1886,1892
1890.0,1888.0,1892.0,1887,1896
1891.0,1889.0,1893.0,1889,1898
1892.0,1890.0,1894.0,1891,1900
1893.0,1891.0,1895.0,1893,1901
1894.0,1892.0,1896.0,1894,1902
1895.0,1893.0,1897.0,1895,1905
1896.0,1894.0,1898.0,1896,1906
1897.0,1895.0,1899.0,1897,1907
1898.0,1897.0,1900.0,1898,1908
1899.0,1899.0,1901.0,1899,1909
1900.0,1903.0,1902.0,1900,1910
1901.0,1904.0,1903.0,1901,1911
1902.0,1905.0,1904.0,1902,1912
1903.0,1906.0,1906.0,1903,1913
1904.0,1907.0,1907.0,1904,1914
1905.0,1908.0,1909.0,1905,1915
1907.0,1909.0,1910.0,1906,1916
1908.0,1910.0,1911.0,1908,1917
1909.0,1911.0,1912.0,1912,1919
1910.0,1912.0,1913.0,1914,1920
1911.0,1913.0,1914.0,1915,1921
1913.0,1915.0,1915.0,1917,1922
1914.0,1916.0,1916.0,1918,1923
1916.0,1918.0,1917.0,1919,1924
1917.0,1919.0,1918.0,1922,1925
1918.0,1920.0,1919.0,1923,1926
1920.0,1921.0,1920.0,1924,1927
1921.0,1922.0,1921.0,1925,1929
1924.0,1923.0,1922.0,1926,1930
1928.0,1925.0,1923.0,1927,1932
1929.0,1926.0,1924.0,1928,1933
1931.0,1927.0,1925.0,1929,1934
1932.0,1928.0,1926.0,1930,1935
1936.0,1929.0,1927.0,1931,1936
1938.0,1930.0,1928.0,1932,1937
1939.0,1931.0,1930.0,1933,1938
1940.0,1932.0,1931.0,1934,1939
1942.0,1933.0,1933.0,1935,1940
1943.0,1934.0,1934.0,1936,1941
1944.0,1935.0,1935.0,1937,1942
1945.0,1936.0,1937.0,1938,1944
1947.0,1937.0,1939.0,1940,1946
1948.0,1938.0,1940.0,1941,1947
1949.0,1939.0,1941.0,1942,1948
1950.0,1941.0,1942.0,1943,1949
1951.0,1943.0,1943.0,1944,1950
1952.0,1944.0,1945.0,1945,1952
1954.0,1945.0,1946.0,1946,1953
1955.0,1946.0,1949.0,1947,1956
1956.0,1947.0,1951.0,1948,1957
1957.0,1948.0,1952.0,1949,1958
1958.0,1950.0,1953.0,1950,1959
1959.0,1951.0,1954.0,1951,1960
1960.0,1952.0,1955.0,1953,1961
1961.0,1953.0,1958.0,1954,1962
1962.0,1954.0,1960.0,1955,1963
1963.0,1955.0,1961.0,1956,1964
1964.0,1956.0,1963.0,1957,1965
1966.0,1957.0,1964.0,1959,1966
1967.0,1958.0,1965.0,1962,1967
1970.0,1959.0,1967.0,1963,1968
1971.0,1960.0,1968.0,1964,1969
1972.0,1961.0,1969.0,1965,1971
1973.0,1962.0,1970.0,1966,1972
1974.0,1965.0,1971.0,1968,1974
1975.0,1966.0,1973.0,1969,1975
1976.0,1967.0,1974.0,1970,1976
1977.0,1968.0,1975.0,1972,1977
1979.0,1969.0,1978.0,1973,1978
1980.0,1970.0,1979.0,1975,1979
1981.0,1971.0,1980.0,1976,1980
1982.0,1972.0,1982.0,1977,1981
1983.0,1973.0,1983.0,1978,1982
1984.0,1974.0,1984.0,1979,1983
1985.0,1976.0,1985.0,1980,1984
1986.0,1977.0,1986.0,1981,1986
1987.0,1978.0,1987.0,1983,1987
1988.0,1981.0,1988.0,1984,1988
1989.0,1982.0,1989.0,1985,1989
1991.0,1985.0,1990.0,1988,1990
1992.0,1986.0,1991.0,1989,1991
1994.0,1987.0,1992.0,1990,1992
1995.0,1990.0,1993.0,1992,1993
1996.0,1991.0,1994.0,1993,1994
1997.0,1993.0,1996.0,1994,1995
1998.0,1995.0,1998.0,1995,1996
1999.0,1997.0,1999.0,1996,1997
2000.0,1999.0,2000.0,1997,1998
2001.0,2000.0,2001.0,1998,2000
2002.0,2002.0,2002.0,1999,2001
,,,2001,2002
