variance,skewness,curtosis,entropy,Class
1.121806,1.149455,-0.97597,0.354561,0
1.447066,1.064453,-0.895036,-0.128767,0
1.20781,-0.777352,0.122218,0.618073,0
1.063742,1.295478,-1.255397,-1.144029,0
-0.036772,-1.087038,0.73673,0.096587,0
1.384604,1.320874,-1.243653,-0.938386,0
1.111108,0.185881,-0.155217,0.836028,0
0.583612,-1.488408,1.640023,0.28068,0
0.974571,0.653913,-0.499268,0.275752,0
0.387745,1.236571,-0.85168,0.217263,0
0.27834,1.168511,-0.838148,0.183401,0
1.25141,-0.788994,0.231399,0.97825,0
0.51573,0.978394,-0.288662,-0.91377,0
-0.707505,1.520502,0.266586,-0.830637,0
1.045232,1.159682,-1.018723,0.29484,0
1.493024,-0.905392,0.48555,1.270687,0
0.787607,0.194693,-0.238147,0.846494,0
0.130137,0.157655,0.683834,0.853879,0
0.356883,-1.159342,1.611985,-0.436588,0
1.692128,1.551899,-1.334729,-1.385381,0
1.883702,1.017205,-0.932405,0.335473,0
-0.036786,-1.087038,0.73673,0.096587,0
1.232513,1.404462,-1.211832,-1.345338,0
0.17669,1.186851,-0.715042,-0.222947,0
1.407618,1.357555,-1.410511,-1.217306,0
0.095704,-1.264798,1.610593,-0.799831,0
0.24966,-0.965356,0.970201,0.264672,0
-0.287105,1.102548,0.177505,-1.213592,0
2.156986,1.345913,-1.348261,-0.968526,0
1.568365,-0.900091,0.469442,1.086613,0
-0.239941,-0.357995,0.814484,0.640851,0
0.371135,0.290621,0.4434,0.800318,0
1.359443,0.970639,-0.878511,0.109519,0
-0.492252,1.276439,0.07726,-1.748005,0
-0.72137,-0.189755,1.570207,0.856959,0
0.705685,0.770312,-0.511797,0.238194,0
0.793308,0.698349,-0.432646,0.23758,0
1.124375,-0.189049,0.0534,0.936998,0
1.454807,0.216562,-0.813081,0.708577,0
1.072153,1.325817,-1.195724,-1.069514,0
1.315174,1.158983,-1.025895,0.283141,0
-0.225192,1.243985,-1.184188,-2.675229,0
-0.155056,1.256326,-0.420117,-0.367644,0
0.186744,0.667668,0.214897,0.598987,0
0.852427,0.851428,-0.508615,0.797852,0
-0.42954,1.302892,-1.20329,-3.005238,0
0.580832,0.801691,-0.212096,-0.486487,0
-0.42954,1.302892,-1.20329,-3.005238,0
1.223364,0.706104,-0.893829,0.242503,0
0.422688,0.23243,0.34297,0.608838,0
1.368944,-1.160041,0.473017,0.292373,0
1.69906,0.3513,-0.68582,1.048427,0
0.954161,0.665197,-0.443782,-0.144147,0
0.744359,0.720575,-0.593745,-0.021637,0
1.580963,0.609119,-0.8994,0.326236,0
1.545808,-0.190813,0.055582,1.132798,0
0.749462,0.827446,-0.468246,0.751062,0
1.890845,0.526231,-0.843928,0.776307,0
0.951522,-1.028132,0.736336,1.038586,0
-0.428129,1.608675,-0.411764,-2.789121,0
0.863653,-0.251477,0.741117,0.451221,0
0.02214,0.614403,0.088401,0.342863,0
1.345965,1.597749,-1.274685,-1.501749,0
0.47864,-0.518118,0.034298,0.443218,0
1.748361,0.201392,-0.592144,1.312587,0
0.740031,0.115333,0.161583,0.66302,0
1.468004,-1.02249,0.315907,0.719661,0
0.700196,1.29725,-1.039009,-0.753694,0
0.199585,0.999206,-0.389888,-0.69951,0
-0.109256,1.203777,-0.54143,-0.591142,0
1.23839,-0.72903,0.227825,0.797238,0
1.30328,-0.243718,-0.070704,1.437572,0
1.507663,1.379423,-1.240868,-1.269633,0
1.313168,-0.915619,0.521155,1.085375,0
1.398152,1.531445,-1.386836,-1.540506,0
0.659059,0.27511,-0.190815,0.76707,0
1.182297,1.033414,-0.915717,-0.323935,0
-0.135326,0.719518,0.089399,0.224034,0
-0.065237,0.975224,-0.094959,0.151385,0
0.245613,0.348113,0.464266,0.969013,0
0.833847,1.22106,-1.105831,0.080589,0
1.419723,0.062784,-0.102117,0.962856,0
1.613373,1.137814,-1.00619,-0.04254,0
0.504153,0.997791,-0.379745,-0.843588,0
0.989281,0.802407,-0.471625,0.981326,0
1.26538,0.128389,-0.13712,0.908677,0
-0.550734,-0.003179,1.424238,1.053998,0
0.155643,0.833786,-0.128967,0.485703,0
1.297086,-0.804164,0.156221,0.88836,0
1.185535,-0.188696,0.163973,1.055188,0
0.36839,0.974167,-0.971398,0.075018,0
1.277204,0.283224,-0.156013,0.755371,0
1.362786,1.071169,-0.970191,-0.115198,0
0.709028,-1.404463,1.52388,0.665482,0
0.998711,-0.023633,0.166759,0.859421,0
-0.379507,-1.112776,1.61296,-0.722888,0
0.886984,-0.144259,-0.174507,0.993024,0
0.608033,-1.500408,1.567631,0.528799,0
1.191622,1.534973,-1.255397,-1.826806,0
-1.117502,1.616089,0.265007,-2.089108,0
1.032177,-1.211533,0.532876,0.02331,0
1.451922,-0.740331,0.288658,1.337203,0
1.646592,-0.412664,-0.178485,1.100135,0
1.022605,-1.114191,0.599907,0.454302,0
1.326294,-0.288865,-0.101323,1.030582,0
1.094428,-0.116391,0.139115,1.593315,0
0.661522,1.49018,-1.143431,-1.702439,0
-0.8066,1.016489,-0.710678,-0.307937,0
0.940367,1.298648,-1.311659,-1.338577,0
0.873611,1.518389,-1.100469,-1.395237,0
1.252219,-1.089152,0.54144,0.515252,0
0.381551,0.64297,-0.302384,0.554658,0
0.985797,1.316647,-1.068834,-0.668085,0
1.33196,0.834144,-0.621574,0.929613,0
0.474418,0.851428,-0.620182,-0.182952,0
0.738764,0.168939,-0.515179,0.509096,0
1.218683,0.93643,-0.747861,0.634081,0
0.589172,0.830616,-0.364034,0.800933,0
0.866785,-0.207038,0.207121,1.455998,0
0.174529,-0.974867,0.753233,0.426596,0
1.066417,1.494049,-1.115185,-1.389048,0
1.280055,1.445386,-1.292765,-1.698154,0
-0.665418,1.22706,0.080046,-1.872372,0
-0.683118,8e-06,1.334345,0.991796,0
-0.475385,1.374838,-0.050419,-1.921033,0
0.900954,0.899749,-0.606464,0.720275,0
-0.97713,1.879908,0.448159,-2.262088,0
1.17818,-0.819333,0.199183,0.492474,0
1.490349,-0.104408,-0.311532,1.476329,0
1.067156,-0.138259,0.080046,1.204837,0
0.997972,-1.067641,0.531692,0.425363,0
1.65268,1.150171,-0.995467,-0.150908,0
0.556058,0.71916,-0.236358,0.83849,0
5.8e-05,0.616534,0.147471,0.374878,0
-0.518641,1.274325,-0.124789,-1.972122,0
1.311444,1.584693,-1.163114,-1.376144,0
1.760995,1.28595,-1.471368,-1.299153,0
1.618124,1.070453,-0.933797,0.075018,0
1.691952,1.468652,-1.280046,-1.470324,0
-0.225192,1.243985,-1.184188,-2.675229,0
0.583225,-0.166829,0.731949,1.154939,0
0.456752,-0.386916,0.64823,0.095359,0
1.316054,0.240544,-0.654997,0.855112,0
1.227938,-0.881052,0.478193,0.965937,0
1.201511,1.403047,-1.219398,-1.443232,0
0.030181,-0.883882,0.392686,0.098444,0
1.205135,-0.193987,-0.068314,1.377198,0
0.463051,-0.357642,0.878521,1.18265,0
1.123952,-0.160127,-0.164564,0.869272,0
0.811255,0.933958,-0.307753,-0.637327,0
1.446643,1.07468,-0.885288,-0.188475,0
-0.771938,1.704262,0.296619,-1.01533,0
1.631179,-0.291333,-0.277326,1.143273,0
1.064622,1.566353,-1.300123,-1.857611,0
0.528575,1.064112,-0.329828,-0.508008,0
0.722189,-0.497312,0.915124,0.493707,0
0.699879,-1.107492,1.055916,0.669791,0
1.23663,-0.97064,0.344757,0.576822,0
0.643857,-1.092322,0.524125,0.275752,0
0.324755,0.394321,0.170936,0.720275,0
1.622769,0.336471,-0.656389,0.97825,0
1.096575,1.141001,-1.085545,-0.004401,0
-0.091591,1.013677,-0.262012,-1.236351,0
0.692208,1.267609,-1.10344,-1.0289,0
1.56643,-0.05503,-0.324459,1.348297,0
1.322775,-0.884581,0.275336,0.671024,0
0.240299,1.146643,-0.547794,-0.294986,0
0.207537,0.848598,-0.790034,-0.724126,0
-0.787104,1.697563,0.150442,-1.943173,0
-0.111322,0.742085,-0.684033,-0.610854,0
0.048163,-0.331887,-0.036098,0.299754,0
1.274389,-0.746672,0.204939,1.058902,0
-0.74917,-0.146014,1.724926,1.019502,0
-0.546511,1.500748,0.161583,-2.122961,0
0.508904,0.093464,0.254261,0.746753,0
1.108222,-0.974867,0.473829,0.507867,0
-0.085485,1.228475,-1.18897,-2.204856,0
1.134685,0.641573,-0.722608,0.454302,0
-0.198884,-0.630631,1.609386,0.735055,0
0.689287,1.342385,-1.029075,-0.776453,0
0.425398,0.186222,-0.271359,0.497397,0
-0.194095,-0.59678,1.539384,0.554042,0
-0.397454,1.141001,0.103116,-1.49375,0
0.88269,0.935373,-0.551176,0.146457,0
-0.77053,1.708489,0.39387,-1.764622,0
-0.593806,1.52686,0.123797,-1.491274,0
0.994031,-1.088095,0.558151,0.495554,0
0.491836,0.757613,-0.332812,0.590983,0
1.453611,-0.945959,0.341369,0.699345,0
0.81034,-1.185438,1.221591,0.291759,0
0.174529,-0.974867,0.753233,0.426596,0
1.243105,1.405518,-1.279048,-1.625496,0
0.360367,-0.342123,0.645445,0.848956,0
1.546055,0.195392,-0.16516,0.951777,0
-0.976426,1.782208,-0.160985,-3.043424,0
-0.8066,1.016489,-0.710678,-0.307937,0
1.30613,0.909277,-0.768935,0.157542,0
0.521502,0.708933,-0.269372,-0.390403,0
1.26253,-0.701179,0.247692,1.11061,0
1.918716,0.673668,-0.978152,0.424134,0
-0.887994,1.51769,0.223438,-1.060896,0
1.255879,-0.9403,0.501263,0.695036,0
-0.429537,1.302892,-1.20329,-3.005238,0
1.316793,1.421387,-1.219189,-1.482656,0
0.140473,0.957582,-0.173514,0.126755,0
1.539193,0.052898,-0.385513,1.307016,0
1.714649,0.570325,-0.995258,0.31639,0
0.748406,1.252099,-1.157938,-0.07825,0
0.588433,0.968525,-0.435232,-0.311603,0
0.611728,-0.453577,0.944554,0.222805,0
1.35698,1.237287,-1.393614,-1.492512,0
1.084504,1.409047,-1.316834,-1.802808,0
0.767232,1.037301,-1.189155,-0.054871,0
0.086966,0.068784,0.814879,0.829253,0
1.324007,-0.200689,-0.131153,0.925918,0
1.991101,0.178109,-0.632321,1.260212,0
0.313072,0.234203,-0.269569,0.510329,0
0.314128,-0.151656,0.988514,0.370569,0
-0.211521,0.972411,-0.044454,-1.15817,0
-0.610099,1.422461,-1.009787,-2.224568,0
-0.935993,1.809718,0.358869,-1.111366,0
0.698823,0.774539,-0.500064,0.675947,0
0.234,-0.218676,1.065665,0.289912,0
1.482432,1.467595,-1.388623,-1.435233,0
-0.279448,0.373868,0.398442,0.390271,0
0.324614,0.22009,0.684438,0.941926,0
0.048163,-0.331887,-0.036098,0.299754,0
-1.084424,1.400235,-0.633319,-2.0374,0
0.945962,-0.862354,0.122613,0.389038,0
1.780842,-0.063842,-0.314714,1.485566,0
-0.623788,-0.063126,1.319027,1.058283,0
-0.974702,1.71096,0.391294,-2.024449,0
0.64252,-0.333305,0.774725,0.435214,0
0.012413,-0.435589,1.389632,0.741211,0
0.807912,0.161541,-0.205732,0.81017,0
0.567565,0.018348,0.180685,0.527568,0
-0.619741,1.29125,0.242122,-1.941316,0
1.216431,-0.694481,0.286082,1.093374,0
1.254753,-0.17353,-0.052995,1.371675,0
0.690237,1.293006,-1.06208,-0.865109,0
0.998219,0.853899,-0.567077,0.679028,0
-0.642861,-0.060671,1.425236,0.940692,0
0.424694,0.277224,-0.000285,0.393961,0
0.823677,0.841201,-0.572067,0.603297,0
0.702026,1.271496,-1.078188,-0.125054,0
1.330059,-0.805936,0.142504,0.88836,0
0.427017,-0.245483,0.776907,1.150653,0
0.572175,-0.496959,0.885299,0.427824,0
-0.01898,-0.206677,-0.148644,0.355795,0
0.204018,1.113491,-0.712465,-0.423685,0
1.45523,-1.087038,0.412972,0.569434,0
0.049574,1.39565,-0.717038,-1.523889,0
0.049148,1.2394,-0.535465,-0.323935,0
1.707787,0.227487,-0.642858,1.122942,0
1.258554,1.488765,-1.285013,-1.844042,0
1.30511,-0.954771,0.564117,1.343345,0
0.935933,-0.824975,0.191617,0.673486,0
0.622743,0.694122,-0.201357,0.972093,0
1.164878,-0.192224,-0.10192,1.047189,0
0.914643,0.063483,0.166155,0.734436,0
1.175118,0.900806,-0.714647,0.116289,0
0.957856,0.165069,-0.185843,0.947463,0
0.484799,0.968883,-0.551572,-0.60714,0
1.60264,0.900448,-1.086752,0.014692,0
0.721134,0.799935,-0.508418,0.134759,0
0.408296,0.474381,-0.005066,0.606375,0
-0.158298,1.333931,-0.288662,-0.200807,0
1.202039,1.341686,-1.287798,-1.555314,0
0.174529,-0.974867,0.753233,0.426596,0
1.583708,0.083238,-0.365227,1.340869,0
1.199259,1.38048,-1.315442,-1.77324,0
1.744631,1.375895,-1.208257,-1.034423,0
1.398257,-0.339654,0.149467,1.106325,0
0.795596,0.830974,-0.417931,0.78123,0
1.703846,-0.304031,-0.296219,1.111848,0
1.054804,0.739972,-0.777291,0.395195,0
1.273263,-0.355878,-0.219057,0.811398,0
0.327289,-1.141701,1.629486,-0.329458,0
0.162551,0.997791,-0.962044,-0.354074,0
0.525302,0.99428,-0.363438,-0.897725,0
-0.078813,-0.406315,1.468988,1.000414,0
1.278893,-0.828146,0.186046,0.805856,0
0.859782,-1.01966,0.517186,0.412435,0
-0.039214,-0.480736,1.552915,0.896978,0
-0.610099,1.422461,-1.009787,-2.224568,0
0.471884,-1.424218,1.567236,0.139687,0
0.319582,-1.081396,1.55331,-0.258657,0
0.162692,1.470067,-0.653395,-1.352719,0
0.002644,0.174938,0.678868,0.908063,0
0.988295,0.733631,-0.296019,-0.121387,0
0.750975,0.271224,-0.181867,0.373645,0
-0.932192,1.711318,-0.306163,-3.13946,0
1.302435,0.715291,-0.888259,0.474004,0
0.527941,-0.327662,0.79341,0.40566,0
0.729509,-0.130146,0.586584,0.62731,0
0.602685,0.708575,-0.4585,-0.494486,0
-0.13434,0.874353,-0.801151,-0.932816,0
0.294492,1.041886,-0.370002,-0.474774,0
0.249589,-0.185522,0.941769,0.296068,0
0.654203,1.212947,-1.076795,-0.051158,0
-0.036786,-1.087038,0.73673,0.096587,0
0.893177,0.837672,-0.387105,0.90683,0
0.440283,1.163568,-0.617791,-0.092438,0
-0.827467,1.664769,0.2664,-0.99257,0
0.68239,1.457369,-1.022715,-0.95686,0
0.209262,1.337101,-0.642069,-0.282654,0
-0.056031,1.243627,-1.087147,-1.739387,0
0.411533,-1.143473,1.652951,-0.442159,0
1.471734,1.407291,-1.303512,-1.539268,0
1.342165,0.984036,-0.96722,0.054735,0
1.26253,-0.787937,0.254864,0.741825,0
1.617314,-1.174853,0.488544,0.454302,0
0.406959,0.063483,0.427687,0.655016,0
0.595999,0.557627,-0.741501,0.007312,0
0.262997,1.101491,-0.801755,0.137225,0
-0.036786,-1.087038,0.73673,0.096587,0
1.865614,0.572439,-0.848894,0.603297,0
0.787572,0.63663,-0.155018,-0.141671,0
0.403334,-1.130059,1.513528,-0.170001,0
0.885435,0.055727,-0.012029,0.549732,0
0.030181,-0.883882,0.392686,0.098444,0
1.161781,1.307119,-1.23033,-1.027043,0
-0.762964,0.016218,1.477134,1.012727,0
1.214144,1.381537,-1.236504,-1.376144,0
1.088059,-0.108993,0.123008,1.424002,0
1.415043,0.098049,-0.085025,1.028734,0
-0.209315,-1.429161,1.615351,-0.157097,0
1.331115,1.284893,-1.468373,-1.925937,0
1.084364,0.835201,-0.480774,0.344091,0
0.445175,0.16824,0.349724,0.619921,0
0.220628,0.090652,0.260226,0.486317,0
0.565982,-0.115692,0.654404,0.997952,0
1.099918,-0.104749,-0.024748,1.355677,0
0.903382,0.663083,-0.842117,0.250507,0
1.23012,-0.087125,0.095155,0.994872,0
1.067297,-1.021791,0.670906,1.301493,0
1.243,0.340716,-0.160588,0.727665,0
0.205989,0.069482,0.820658,0.962242,0
0.186649,0.629573,0.189435,0.507867,0
0.488001,0.823917,-0.322072,0.755371,0
1.604153,1.012961,-0.870178,0.224648,0
-0.568012,1.634072,-0.288265,-2.679562,0
1.266542,-0.288159,-0.117631,1.130322,0
0.079686,1.442915,-0.650007,-1.296725,0
1.113571,0.88775,-0.626936,0.668558,0
-0.8066,1.016489,-0.710678,-0.307937,0
1.289169,-0.247598,0.062545,1.003494,0
1.019157,-0.17212,0.042468,0.754757,0
0.941352,0.202806,-0.136721,0.773841,0
-1.660834,1.125132,0.404222,0.131064,0
-0.59349,1.411518,0.181288,-2.100773,0
0.030181,-0.883882,0.392686,0.098444,0
-0.036786,-1.087038,0.73673,0.096587,0
0.160109,0.583365,0.150256,0.475233,0
1.095132,1.26974,-1.260944,-1.316389,0
-0.228856,1.041528,0.113074,-1.282536,0
0.804745,1.220361,-1.092903,0.106438,0
0.97524,1.153341,-0.998252,0.195099,0
0.794575,1.515917,-1.090326,-1.474657,0
-0.970514,1.635486,0.098753,-1.991834,0
0.803161,-1.043642,0.648439,0.648241,0
1.038476,0.22926,-0.113256,0.687032,0
0.461503,0.490965,0.16019,0.865577,0
0.834445,-0.229258,-0.012818,1.145083,0
1.882153,0.623232,-0.883501,0.540497,0
1.219739,-0.032104,0.047226,1.02812,0
1.085666,0.751614,-0.737323,0.557736,0
0.983791,0.99145,-0.412163,-0.642231,0
1.078487,0.211619,-0.271758,0.488779,0
0.619717,-0.092767,-0.055571,0.975788,0
0.640056,1.370611,-1.061291,-0.858348,0
1.308769,-0.998508,0.340185,0.558968,0
0.108855,1.576239,-0.645249,-1.371812,0
0.519672,1.18438,-0.867184,0.207412,0
-0.682414,-0.31567,1.269705,0.326236,0
0.054412,1.50852,-0.646641,-1.493131,0
0.984108,1.008376,-1.144824,-0.011162,0
-0.853684,1.658769,0.291653,-1.913605,0
0.85109,1.208004,-1.197325,-1.021519,0
1.35251,0.097691,-0.211697,0.739364,0
0.378701,-0.320961,1.122344,0.422901,0
1.754238,1.401649,-1.272294,-1.19388,0
0.150713,0.131917,0.67151,0.82802,0
1.188702,1.401649,-1.263544,-1.605165,0
0.040129,1.440801,-0.68264,-1.414902,0
0.682003,0.949128,-0.32068,-0.261752,0
-1.030724,1.572353,0.124795,-1.081846,0
1.478807,-0.781238,0.333802,1.138321,0
-0.945353,1.637958,0.276728,-0.991333,0
1.183951,1.448914,-1.28998,-1.800332,0
-0.280296,1.085265,-0.770328,-1.019663,0
0.595682,0.844729,-0.220447,-0.490772,0
0.152592,0.620761,0.064727,0.487546,0
1.178637,1.385781,-1.226547,-1.211735,0
-0.948731,1.737772,-0.257439,-3.12651,0
0.291325,0.427473,-0.633899,-0.266656,0
0.790423,0.206676,-0.245307,0.845875,0
-0.292743,0.691292,-0.001492,0.014073,0
1.393507,-0.266644,0.149467,1.13894,0
0.892332,0.63063,-0.260422,0.017168,0
0.306562,-0.354116,1.182203,0.20864,0
0.625875,-1.322989,1.478736,0.161236,0
0.538745,0.854956,-0.190418,0.883432,0
0.933469,-0.768182,0.193404,0.714738,0
-0.01898,-0.206677,-0.148644,0.355795,0
0.054926,0.938185,-0.037676,-0.841731,0
-0.10061,1.026716,-0.075068,-1.023329,0
-0.174457,0.728688,-0.069312,0.028881,0
1.333438,-0.134731,-0.156809,1.02504,0
0.073622,0.882824,-0.243318,0.370569,0
0.530405,-0.248656,0.754231,1.085375,0
1.256618,-0.249362,-0.008246,1.337822,0
1.176385,1.339214,-1.231328,-1.114461,0
1.070886,-0.353763,0.262825,1.73368,0
0.544762,1.251042,-1.141621,-0.323935,0
1.185394,-0.987224,0.614227,1.021349,0
1.37753,1.565654,-1.272689,-1.458039,0
0.252686,-0.091352,0.89941,0.360099,0
-0.595179,-0.056785,1.30213,0.769532,0
0.536105,-1.199551,1.67463,-0.113341,0
-1.026747,1.745169,0.330228,-1.214211,0
-0.557209,-0.106863,1.463023,0.865577,0
1.549433,1.379065,-1.327975,-1.493131,0
-0.195548,1.173437,-0.104902,-1.445089,0
0.531073,0.762539,-0.302981,0.844032,0
0.460377,-1.147343,1.582137,-0.416257,0
-0.688291,1.520144,0.321478,-1.383524,0
-0.610099,1.422461,-1.009787,-2.224568,0
1.052482,-0.352704,-0.137916,0.706115,0
0.744817,-1.171683,1.154769,0.369336,0
0.399533,0.754085,-0.36682,-0.580048,0
0.307899,0.511419,0.140113,0.672253,0
1.66936,1.075396,-1.078977,-0.179857,0
0.631751,1.314176,-1.046761,-0.725983,0
1.827574,1.391422,-1.320827,-1.248683,0
0.274504,1.172039,-0.827402,0.214183,0
-0.01898,-0.206677,-0.148644,0.355795,0
0.037922,0.700462,0.066119,0.347786,0
1.273404,0.640516,-0.781469,0.579901,0
1.511322,0.031387,-0.390088,1.311349,0
1.056458,-0.214797,0.163973,1.46833,0
0.152874,1.418217,-0.670501,-1.341053,0
1.029397,1.343101,-1.211228,-1.200641,0
1.138908,0.182694,-0.126778,0.713505,0
0.317119,0.715291,-0.216471,0.804627,0
0.969469,-0.909619,0.319505,0.470924,0
0.710471,0.177768,-0.277922,0.540497,0
1.224032,0.179165,-0.10888,0.855726,0
1.232583,1.477123,-1.18897,-1.486322,0
1.234343,-0.888467,0.410767,1.084756,0
1.14665,-1.002377,0.683834,1.21098,0
1.846506,1.000978,-0.947538,0.126755,0
0.118768,1.22106,-0.609435,-0.146622,0
1.105794,1.338516,-1.248039,-1.081846,0
0.411111,0.716348,-0.201554,0.79539,0
0.786305,1.413632,-1.123146,-1.340434,0
0.551413,-0.009878,0.290469,0.792929,0
0.073341,0.205619,0.67209,0.875429,0
1.390375,-0.851429,0.381731,1.174032,0
0.119897,1.215776,-0.883501,-0.093676,0
0.187212,1.102906,-0.640282,-0.130577,0
0.936425,1.160756,-0.997648,0.107052,0
1.584412,0.968525,-0.868182,0.161236,0
-0.837356,1.585051,0.118435,-1.070752,0
1.867374,-0.403141,-0.236158,1.222692,0
-1.10237,1.751527,-0.167349,-3.502703,0
0.251067,0.285695,0.125584,0.360718,0
0.893986,1.19955,-0.998043,0.073209,0
1.455793,0.901164,-1.085545,-0.144147,0
-0.0876,0.781595,0.142899,0.151999,0
0.154422,1.256326,-0.506429,-0.47906,0
-0.013423,0.846144,-0.078642,0.245584,0
1.198097,0.726575,-0.798784,0.551579,0
0.84004,0.918448,-0.514383,-0.326982,0
0.755866,1.334987,-1.061291,-0.858967,0
1.19208,-0.288159,0.142899,1.546511,0
-0.01898,-0.206677,-0.148644,0.355795,0
1.075249,0.812634,-0.603888,0.382882,0
-0.778342,-0.181996,1.330562,0.580517,0
0.585019,0.094521,0.125398,0.547885,0
0.18073,-0.425008,1.344488,0.245584,0
0.84187,1.274666,-1.091116,0.067019,0
-0.150124,1.098321,-0.206528,-1.249302,0
0.187965,0.897977,-0.027348,-0.602235,0
1.516495,0.031745,-0.29264,1.355058,0
1.134439,0.913147,-0.851076,0.022691,0
1.213862,0.763596,-0.888862,0.099049,0
1.071132,1.174153,-1.06447,0.127988,0
0.245543,1.022489,-0.070704,-0.786928,0
0.841026,0.159768,-0.278718,0.839718,0
0.527273,0.702235,-0.264001,-0.410115,0
0.925305,-0.895506,0.866406,0.961009,0
-0.800512,1.518389,0.318298,-0.903914,0
0.835642,1.599164,-1.099471,-1.53684,0
0.751679,-1.078925,1.064876,0.604528,0
-0.197055,1.431631,-1.185976,-2.34584,0
1.035239,-1.02566,0.689196,1.076757,0
-0.169525,-0.601007,1.642808,0.927146,0
0.048163,-0.331887,-0.036098,0.299754,0
0.158602,0.795691,-0.194793,0.357023,0
1.207247,0.304035,-0.160985,0.735055,0
0.304802,0.111447,0.142295,0.47708,0
0.552961,-1.497578,1.563058,0.453069,0
1.582019,-0.2804,-0.276133,0.727665,0
0.843137,0.754426,-0.495093,0.288064,0
0.749989,1.143813,-1.019327,-0.05549,0
0.583893,1.088094,-0.319089,-0.990714,0
1.466596,0.631346,-0.817259,0.659325,0
1.628575,-0.388679,-0.220647,1.042895,0
-0.256476,1.214702,-0.446767,-0.422447,0
1.106111,0.081482,0.114466,0.916067,0
1.235011,0.098748,0.028751,0.997338,0
0.785109,1.505333,-1.113397,-1.417378,0
1.936733,0.723387,-0.92565,0.393347,0
0.556551,-0.01269,0.403827,0.771379,0
1.9159,0.684951,-0.986902,0.277599,0
-0.99659,1.821001,0.359473,-2.188858,0
0.467415,0.416889,0.171935,0.926532,0
1.339631,-0.751257,0.048828,0.908063,0
1.067367,0.843314,-0.569676,0.219111,0
0.969785,0.652856,-0.367416,0.424134,0
0.13366,1.23306,-0.823224,-1.42352,0
0.033365,-0.163303,0.609655,0.068257,0
0.597582,-0.675425,0.269185,0.538034,0
-0.036114,0.451813,0.153041,0.47708,0
0.295899,1.17521,-0.680041,-0.287606,0
0.624749,0.943128,-0.632715,-1.004855,0
0.738658,0.955469,-0.421709,-0.69332,0
1.122791,-0.078654,-0.011031,1.485566,0
-0.641242,1.803377,-0.163967,-3.026807,0
1.86118,0.666253,-0.883686,0.450607,0
1.029151,1.437614,-1.190153,-1.19388,0
0.735104,0.053614,0.30776,0.94562,0
-0.136688,0.820031,-0.075857,0.12306,0
1.546266,0.994979,-0.892831,-0.014257,0
0.532727,-1.141343,1.654738,-0.321459,0
0.820686,-0.214797,0.638691,0.432138,0
-0.190101,-0.458515,1.476136,0.872967,0
0.101623,-0.336832,0.991694,-0.075821,0
1.342059,-0.075125,-0.436624,1.021349,0
1.246941,-0.270525,0.199369,1.597029,0
1.137676,0.405605,-0.194593,0.728279,0
0.84085,1.521917,-1.054722,-1.326864,0
-0.652925,1.658769,-0.337783,-2.814356,0
1.341461,-0.123447,-0.169735,1.018269,0
1.291491,-1.146985,0.45294,0.333012,0
0.357869,1.170625,-0.842535,0.256668,0
1.066593,-0.995338,0.598119,0.739364,0
0.499543,0.719876,-0.088205,-0.403973,0
1.089149,-0.205627,0.128369,1.489899,0
1.245076,-0.150957,-0.148057,1.044142,0
1.090979,1.267967,-1.167291,-0.025922,0
1.145664,1.357555,-1.271087,-1.511605,0
0.926713,-1.079624,0.563118,0.178473,0
0.778599,-1.148399,1.150591,0.568818,0
0.652971,0.30862,-0.177889,0.377954,0
0.3989,1.023546,-0.337585,-0.465537,0
1.269216,-0.239839,-0.085814,1.093993,0
1.390304,-1.159342,0.456909,0.553426,0
0.556973,-0.370692,0.875736,1.079852,0
1.270659,1.576938,-1.335936,-1.689536,0
-0.271323,-0.43841,1.454876,0.911758,0
-1.018443,1.842171,-0.111466,-3.071135,0
1.297016,1.534615,-1.22794,-1.422948,0
0.557958,-0.187287,0.75184,1.243595,0
0.399885,1.021074,-0.25704,-0.477869,0
0.77691,0.965355,-0.390684,-0.226661,0
1.614394,1.048942,-1.032649,-0.24942,0
1.375841,0.239845,-0.130359,0.876662,0
0.489162,-1.482408,1.622314,0.309614,0
1.233217,-0.169298,-0.142092,0.889589,0
0.63974,-1.204136,0.671696,-0.02716,0
1.78422,1.439386,-1.348656,-1.347195,0
0.85102,1.235514,-1.170657,-0.00621,0
0.258246,1.23306,-0.808718,0.183401,0
0.765966,1.037301,-0.379149,-0.270989,0
-0.038461,1.388235,-0.602495,-1.398285,0
1.218437,-1.144172,0.463686,0.311462,0
0.612819,-0.465569,0.859837,0.243736,0
0.255149,1.194965,-0.807325,0.03069,0
1.503827,1.086321,-0.918687,-0.14229,0
-0.84471,1.684507,-0.418328,-3.180694,0
1.274389,-0.259238,0.013618,0.878509,0
0.680595,-1.493351,1.630066,0.353942,0
-0.034516,0.837672,-0.162575,0.302225,0
1.374539,-1.231646,0.576232,0.232038,0
0.391264,1.129359,-0.22721,-0.469823,0
0.34974,1.101491,-0.811689,-0.369501,0
-0.250466,1.067981,-1.051751,-0.636089,0
0.176785,1.145228,-0.703901,-0.053633,0
1.47849,-0.840486,0.297014,1.144464,0
0.384648,-1.279968,1.684772,-0.252515,0
0.183876,0.093822,0.710271,0.670405,0
-1.134921,-0.025389,1.248236,0.37734,0
1.678369,0.270883,-0.6154,1.049665,0
0.967674,0.905033,-0.573042,-0.666228,0
0.077852,0.555514,-0.076669,0.366874,0
1.820958,1.428103,-1.438548,-1.505415,0
0.236217,0.941015,-0.229,-0.876822,0
1.23005,-0.824617,0.189226,0.714119,0
0.254094,0.763255,0.035505,0.898826,0
0.747561,0.119219,0.105298,0.759066,0
0.826739,1.543786,-1.149977,-1.52946,0
1.17174,0.146371,-0.170928,0.730127,0
-1.084424,1.400235,-0.633319,-2.0374,0
0.222212,1.098679,-0.649426,-0.218662,0
-0.654966,1.697205,-0.227807,-2.764505,0
1.869239,1.407632,-1.43516,-1.497416,0
1.637126,0.231373,-0.619184,1.100135,0
1.047062,0.593592,-0.909937,0.139068,0
-0.235714,1.261269,0.170147,-1.517747,0
1.191517,1.205532,-1.341692,-1.352719,0
-0.553479,-0.01869,1.280451,0.901287,0
1.580435,-0.210212,-0.144875,1.143273,0
0.730248,0.838371,-0.331221,0.78123,0
-0.225192,1.243985,-1.184188,-2.675229,0
1.235962,0.840144,-0.682826,0.30161,0
-0.250459,1.067981,-1.051751,-0.636089,0
0.501619,0.219033,-0.361449,0.442603,0
0.047786,0.972752,0.041261,-0.967335,0
1.065854,-1.085982,0.497875,0.640851,0
1.042101,-0.131918,0.172329,1.5607,0
1.621959,-0.417953,-0.207322,1.093993,0
1.176068,0.895863,-0.67707,0.758452,0
1.48588,0.974525,-0.887075,-0.022256,0
1.288324,-0.833446,0.225434,0.926532,0
0.4943,0.705763,-0.197378,0.811398,0
0.556551,-0.253241,0.740119,0.417359,0
1.087847,-0.204921,0.06851,0.8742,0
1.169453,-1.2521,0.563513,-0.029017,0
0.761919,0.27194,-0.14746,0.953624,0
0.515766,-0.161539,0.656586,0.954853,0
1.147318,-1.000621,0.664941,1.118609,0
1.406105,-0.728331,0.071295,1.000414,0
2.249008,0.561854,-0.91451,0.827406,0
0.514815,-0.756558,0.327651,0.18771,0
0.604866,-1.378725,1.551709,0.403813,0
1.008776,0.879296,-0.632112,0.673486,0
0.804991,0.873995,-0.460886,0.766456,0
1.214355,-0.84473,0.263615,0.663634,0
1.313555,-0.403492,-0.269968,0.699959,0
0.178946,0.670498,0.111078,0.412435,0
1.653349,-0.332952,-0.248689,1.098326,0
-0.018026,0.833445,0.096362,0.275752,0
0.914784,-0.769597,0.21369,0.711657,0
0.876075,0.702934,-0.350313,0.288064,0
0.256275,1.426688,-0.621969,-1.355813,0
1.17723,0.111447,-0.020385,0.836643,0
0.121023,0.691292,-0.047239,0.399504,0
-0.287718,-0.506136,1.544351,0.803394,0
-0.078437,1.280666,-0.346335,-0.317745,0
0.887969,-1.110662,1.046586,0.839718,0
1.481552,-0.902563,0.278516,0.830486,0
1.02894,-1.061642,1.073811,0.654397,0
1.083484,0.167882,-0.078851,0.761528,0
0.782083,1.496878,-1.092299,-1.373668,0
-0.631635,1.495106,0.070692,-0.814639,0
-0.250459,1.067981,-1.051751,-0.636089,0
0.213344,-1.50922,1.599452,-0.051158,0
0.617359,0.138616,-0.016207,0.480161,0
1.351947,-0.779824,0.171726,1.017036,0
-0.194845,0.844013,-0.11087,0.248664,0
0.893775,1.171324,-1.168289,-0.087487,0
1.177476,-0.891995,0.290469,0.598987,0
1.733054,0.312489,-0.726972,1.08109,0
0.493913,0.717047,-0.129363,0.830486,0
0.278867,-0.174941,1.011771,0.512176,0
-0.169525,-0.423244,1.467781,0.783078,0
0.048163,-0.331894,-0.036098,0.299763,0
1.382844,-0.248656,0.007073,1.529275,0
1.072681,-1.037302,0.48815,0.53003,0
0.03017,-0.883882,0.392686,0.098434,0
0.662507,-0.775597,0.407402,0.526336,0
-0.798295,1.552956,0.415154,-1.760337,0
0.331371,1.185795,-0.768541,0.311462,0
-0.211335,0.677537,-0.208714,0.233885,0
-0.047199,0.888108,-0.397445,0.004217,0
-0.064533,1.261968,-1.180219,-2.410499,0
0.715609,-0.090295,0.073082,0.764608,0
0.121164,0.80452,-0.589567,0.063972,0
1.060188,0.175296,-0.086,0.827406,0
0.636643,-1.033773,0.890266,0.376111,0
1.16069,-0.989679,0.454936,0.564509,0
1.373378,-0.938544,0.531692,0.92407,0
-0.883138,1.516974,0.289262,-1.735673,0
1.280125,0.974525,-0.80772,0.010407,0
0.115386,0.664498,-0.046821,0.259744,0
-0.342537,0.92126,-0.216272,-0.125054,0
0.769801,0.659555,-0.309146,-0.182952,0
0.911581,-0.89658,0.275939,0.306538,0
1.906645,0.591137,-0.882294,0.538034,0
0.048163,-0.331887,-0.036098,0.299754,0
1.246906,1.573051,-1.235901,-1.50113,0
0.392038,1.237287,-0.70332,-0.259895,0
0.107964,-0.265234,0.186046,0.797852,0
0.021809,1.415046,-0.579007,-1.344719,0
0.426243,1.012262,-0.527708,-1.126174,0
1.116914,0.841201,-0.59414,0.701806,0
0.987627,-0.959714,0.901198,0.763989,0
1.225616,1.419274,-1.27429,-1.55898,0
1.228994,0.700121,-0.792215,0.536187,0
1.814835,1.455954,-1.341901,-1.498035,0
1.167764,-0.957941,0.602692,1.188792,0
0.308849,0.447228,0.207933,0.674714,0
1.150169,0.864484,-0.754035,0.50602,0
1.383055,-0.856713,0.227012,0.941307,0
1.108187,-0.081824,-0.087207,1.234358,0
1.483698,-1.150871,0.477589,0.447527,0
1.667777,0.347414,-0.784649,0.761528,0
0.997797,0.254998,-0.276332,0.535571,0
0.692348,-0.051143,0.379155,0.908677,0
0.454641,-1.08951,1.583924,-0.293129,0
1.535252,0.863069,-0.787829,0.400737,0
1.288817,1.409047,-1.237084,-1.424139,0
0.746787,0.245129,0.147262,0.695036,0
1.076059,1.133229,-1.028263,0.285603,0
0.030181,-0.883882,0.392686,0.098444,0
0.897998,0.911033,-0.419321,-0.500628,0
1.287761,0.595006,-0.747257,0.679642,0
0.471919,-0.458867,0.971989,1.18822,0
1.677665,-0.271934,-0.282694,1.129084,0
-0.311204,-0.560799,1.320234,0.375492,0
1.552354,1.054942,-1.009369,-0.133672,0
0.110734,0.912448,-0.057382,0.310847,0
1.649548,1.130774,-1.11161,-0.169382,0
1.120574,-0.966055,0.331829,0.228343,0
-0.13838,1.125132,0.011251,-1.304105,0
-1.084424,1.400235,-0.633319,-2.0374,0
-0.018966,-0.206685,-0.148653,0.35579,0
-0.490183,-0.312143,1.119373,-0.138623,0
0.856333,1.376951,-1.068254,-0.913151,0
0.205672,1.224946,-0.468443,-0.248182,0
-1.10779,1.624561,0.165157,-1.319484,0
1.193171,-0.857428,0.245116,0.815093,0
0.831313,0.033859,0.102327,0.749829,0
1.091613,0.815804,-0.514383,0.79539,0
-0.400931,1.159341,0.191222,-1.621163,0
1.309227,0.912448,-0.899214,-0.008686,0
0.17359,1.279967,-0.478189,-0.229089,0
0.488388,-1.431274,1.544351,0.368103,0
-1.013833,1.824189,-0.153627,-3.080372,0
1.109348,-0.855315,0.327651,0.683951,0
0.080294,1.318761,-0.391281,-0.224804,0
1.533879,-0.036689,-0.336391,1.278067,0
1.601655,1.095849,-0.91451,-0.043158,0
0.113883,0.188693,0.35251,0.534956,0
1.483663,0.973468,-0.775295,0.389038,0
-0.160928,0.895164,-0.142292,0.206793,0
0.148503,-0.326251,1.208454,0.314542,0
0.158089,-0.21515,1.070446,0.361332,0
1.269814,-1.076096,0.777302,1.108753,0
0.64076,1.052828,-0.382131,-0.989476,0
-0.017227,0.797106,-0.40182,0.298535,0
0.957293,-1.209062,1.20727,0.840952,0
0.690835,-0.287454,0.800767,1.251594,0
1.505305,0.026104,-0.387105,1.156795,0
1.259433,1.40199,-1.238082,-1.371812,0
0.783631,0.212335,0.130969,0.656245,0
1.230683,-0.011634,-0.329828,1.153701,0
-0.146554,1.15404,0.000295,-1.321341,0
0.988014,-0.257826,0.000899,1.136464,0
0.639282,0.281809,-0.242522,0.70242,0
-0.644269,0.238072,-0.647639,-0.382404,1
-0.015348,-0.351999,-0.331817,0.734436,1
-0.739492,-1.546957,1.507563,1.02812,1
-1.506843,-2.51019,3.315518,-0.04254,1
-1.408241,-1.727546,2.015888,1.02812,1
-0.955101,-0.379862,-0.014605,1.222692,1
-0.771339,0.139315,-0.912142,-0.496296,1
-0.46726,0.217618,-0.747257,-0.834922,1
-0.031789,-0.306499,-0.391081,0.637161,1
-0.499392,-1.463011,1.027484,0.827406,1
-1.001235,-1.884852,1.844458,0.256668,1
-0.689347,-1.393537,0.917909,0.85265,1
-0.368845,-0.343181,-0.398241,0.806475,1
-0.281095,0.16541,-1.170657,-0.889725,1
-2.23003,0.791822,-0.167349,-2.613046,1
-0.793614,0.141428,-0.49211,-0.552956,1
-0.425215,-0.647556,0.233186,1.106325,1
-0.792629,-1.867927,1.768283,0.509096,1
-1.412464,-2.531701,2.73422,-0.655182,1
-0.793755,-1.500749,0.944763,0.594677,1
-0.275127,-0.393617,-0.435431,0.865577,1
0.014057,0.245129,-1.370334,-1.35767,1
-1.352007,0.500493,-0.50285,-1.749862,1
-0.738965,-0.378803,0.006075,0.579285,1
-0.890281,-1.538844,1.211842,0.406893,1
-1.091673,-2.109161,1.790959,-0.257419,1
-0.31966,-1.069039,0.137514,0.925299,1
0.218693,-0.125561,-0.937395,0.619921,1
0.25712,0.32166,-1.471159,-1.38043,1
-1.728398,0.928674,-0.396849,-2.658612,1
-1.114652,-0.250068,0.241727,0.671024,1
-0.957071,-1.256327,1.022703,0.987487,1
-0.724255,-1.409048,0.756622,0.648241,1
0.026179,-0.246188,-0.784045,0.842185,1
0.424765,0.396793,-1.462223,-0.700129,1
0.134459,0.497306,-1.545547,-2.328604,1
-2.08459,1.22423,-0.414349,-2.278133,1
-1.287082,0.148485,-0.249483,0.157542,1
-0.878633,-0.585837,-0.04146,0.779383,1
-0.473978,-0.670482,-0.369802,0.598987,1
0.058684,0.001764,-1.087727,0.41305,1
0.168705,0.241242,-1.265726,-0.229708,1
-0.251215,0.196108,-1.110218,-0.820781,1
-1.422458,0.239129,-0.444977,-1.134173,1
-2.334509,1.151927,-0.322271,-1.195737,1
-1.663403,0.241958,-0.145074,0.092278,1
-1.217652,-0.338243,-0.16516,0.541113,1
-0.751387,-0.329426,-0.554954,0.314542,1
-0.378993,0.094163,-1.007977,0.078113,1
-0.456457,0.002122,-0.875145,0.048545,1
-0.879619,-0.148486,-0.43185,0.044879,1
-0.903337,-0.060313,-0.343949,-0.263609,1
-0.594897,-0.578781,0.342158,0.779997,1
-1.248021,-1.493692,2.168426,0.083065,1
-1.86124,-1.333932,2.224501,0.176011,1
-1.063345,0.331188,-0.40182,-0.041921,1
-0.066789,-0.07654,-0.65379,0.288683,1
-0.69181,-1.196363,1.225559,0.650703,1
-1.561106,-2.628344,3.778514,-1.013473,1
-1.566314,-1.744472,2.566364,-0.117055,1
-1.234051,-0.418306,0.229797,0.936998,1
-0.849039,0.222902,-0.639469,-0.661943,1
-0.303736,-0.352704,-0.314117,0.493088,1
-0.938773,-1.526145,1.414885,0.859421,1
-1.634477,-2.453755,3.150262,-0.093676,1
-1.492415,-1.707791,2.037752,0.877276,1
-1.064471,-0.345649,-0.027348,1.063235,1
-0.94377,0.199278,-0.880716,-0.704414,1
-0.660315,0.233487,-0.781678,-1.070133,1
-0.291335,-0.331189,-0.339772,0.354561,1
-0.688221,-1.459142,1.009984,0.516485,1
-1.147343,-1.868626,1.78063,0.099668,1
-0.760114,-1.354385,0.892262,0.707963,1
-0.484313,-0.320961,-0.380541,0.717814,1
-0.467823,0.184108,-1.161512,-1.073228,1
-2.363083,0.80839,-0.20235,-2.770647,1
-0.969423,0.211977,-0.556539,-0.725364,1
-0.624668,-0.681782,0.327651,0.856345,1
-0.947218,-1.917305,1.851027,0.158156,1
-1.520039,-2.517247,2.64551,-0.925436,1
-0.820148,-1.48488,0.9002,0.412435,1
-0.337888,-0.369986,-0.43026,0.76707,1
-0.149231,0.279337,-1.347263,-1.532507,1
-1.518913,0.507192,-0.538647,-1.851422,1
-0.90587,-0.356231,-0.017785,0.467848,1
-1.026184,-1.572712,1.262951,0.286217,1
-1.176586,-2.044272,1.628882,-0.382404,1
-0.367201,-1.009791,0.104323,0.853879,1
0.141644,-0.138958,-0.897821,0.537418,1
0.061081,0.346357,-1.43198,-1.568217,1
-1.872043,0.874711,-0.364434,-2.746031,1
-1.256397,-0.255711,0.284295,0.536803,1
-1.058911,-1.29195,1.092124,0.877895,1
-0.813567,-1.450313,0.800976,0.55712,1
-0.067257,-0.229963,-0.774715,0.776921,1
0.30343,0.402793,-1.449086,-0.81402,1
-0.061338,0.526231,-1.494044,-2.473301,1
-2.219332,1.23623,-0.388099,-2.309511,1
-1.370377,0.130861,-0.286872,0.080589,1
-0.990044,-0.573139,-0.062743,0.643932,1
-0.58983,-0.620404,-0.446368,0.467229,1
-0.081491,-0.000708,-1.086334,0.27329,1
0.057885,0.269111,-1.248039,-0.282083,1
-0.427094,0.22326,-1.086149,-0.908818,1
-1.609808,0.262412,-0.435431,-1.283774,1
-2.442929,1.167096,-0.270565,-1.307152,1
-1.736035,0.25677,-0.193799,0.011645,1
-1.318296,-0.310379,-0.195986,0.426596,1
-0.836124,-0.26347,-0.623756,0.174778,1
-0.419346,0.104407,-1.031466,-0.033921,1
-0.488353,0.010235,-0.862008,-0.001925,1
-0.932896,-0.077597,-0.493104,0.009169,1
-1.137596,0.007763,-0.422703,-0.438445,1
-0.808183,-0.47227,0.264613,0.613764,1
-1.41651,-1.389293,2.052073,0.017787,1
-1.954916,-1.233044,2.08589,0.062115,1
-1.308759,0.36047,-0.429663,-0.300509,1
-0.35278,-0.086068,-0.655183,0.031928,1
-0.980226,-1.151928,1.218596,0.53865,1
-1.731284,-2.592721,3.692985,-0.965478,1
-1.696622,-1.644657,2.45282,-0.125054,1
-1.335151,-0.38339,0.170542,0.853879,1
-0.508471,0.18341,-0.595115,-0.203235,1
-0.141997,-0.506835,0.001108,0.935769,1
-0.733757,-1.776209,1.790564,1.156795,1
-1.303058,-2.499264,3.286482,0.499863,1
-1.057046,-1.494408,1.764499,1.584078,1
-0.612422,-0.284633,-0.14746,1.412908,1
-0.738085,0.232788,-0.851285,-0.490772,1
-0.346203,0.160825,-0.70708,-0.590523,1
-0.077215,-0.446171,-0.120813,0.708577,1
-0.424606,-1.597034,1.182412,0.739364,1
-0.799808,-1.876739,1.820598,0.517718,1
-0.375376,-1.201664,0.734549,1.271925,1
-0.151204,-0.22044,-0.473217,0.928379,1
-0.253612,0.21409,-1.154549,-0.95129,1
-1.996792,0.801691,-0.370598,-2.699227,1
-0.660984,0.037745,-0.434038,-0.226661,1
-0.384064,-0.80522,0.537053,1.04228,1
-0.696279,-2.057669,1.907311,-0.01978,1
-1.171624,-2.376525,2.441075,-0.744457,1
-0.439354,-1.305705,0.694975,0.720275,1
0.02411,-0.216208,-0.598109,0.757833,1
0.109608,0.292036,-1.346659,-1.404474,1
-1.178275,0.363283,-0.430459,-1.352719,1
-0.642017,-0.562554,0.210719,0.55712,1
-0.781122,-1.710962,1.320234,-0.009305,1
-0.76219,-1.909891,1.4672,-0.250039,1
0.041962,-0.917733,0.071295,1.091517,1
0.562075,-0.011992,-1.023504,0.568818,1
0.279466,0.359397,-1.402155,-1.295487,1
-1.639368,0.741029,-0.287668,-2.07311,1
-1.044553,-0.459573,0.455516,0.568203,1
-0.768102,-1.406934,1.091126,0.635314,1
-0.342304,-1.208363,0.474015,0.592215,1
0.397422,-0.174941,-0.781678,0.879123,1
0.689005,0.448984,-1.4823,-0.812782,1
0.162361,0.486022,-1.448482,-2.094631,1
-2.081318,1.066924,-0.259825,-1.828662,1
-1.167261,-0.025747,-0.164367,0.346558,1
-0.651412,-0.711764,0.027939,0.862502,1
-0.001913,-0.489553,-0.57346,0.720275,1
0.407029,0.049387,-1.048154,0.511562,1
0.460553,0.300149,-1.255792,-0.251896,1
-0.23482,0.224675,-1.036224,-0.755503,1
-1.427455,0.353414,-0.407588,-1.291773,1
-2.318075,1.023903,-0.181271,-0.987,1
-1.531089,0.126616,-0.141296,0.195099,1
-0.934339,-0.368223,-0.194396,0.594062,1
-0.325909,-0.175294,-0.702322,0.296687,1
-0.059318,0.082539,-0.983931,0.281908,1
-0.188644,-0.017633,-0.838937,0.297301,1
-0.721862,-0.141429,-0.406792,0.281908,1
-0.801814,-0.113919,-0.261218,0.056592,1
-0.602569,-0.738217,0.737125,0.794157,1
-1.173841,-1.632658,2.421788,0.16616,1
-1.692997,-1.267968,2.214567,0.373031,1
-0.875044,0.326603,-0.509014,-0.010543,1
-0.086235,-0.208095,-0.443186,0.57005,1
-0.760677,-1.493692,1.752778,0.891436,1
-1.341802,-2.675252,3.836586,-0.400259,1
-1.253124,-1.5399,2.319176,0.527568,1
-0.899008,-0.337185,0.127974,1.211599,1
-0.775386,0.257469,-0.606256,-0.565287,1
-0.153083,-0.304031,-0.370002,0.571281,1
-0.744525,-1.488766,1.332767,1.201743,1
-1.381356,-2.402621,3.010652,0.273904,1
-1.249077,-1.798435,2.098818,1.029968,1
-0.887783,-0.410194,0.07111,1.397529,1
-0.748607,0.14707,-0.831185,-0.350408,1
-0.60468,0.229959,-0.734538,-0.98519,1
-0.185074,-0.260649,-0.400627,0.501711,1
-0.514805,-1.416462,0.958086,0.948082,1
-0.929729,-1.879909,1.764314,0.432138,1
-0.530711,-1.403406,0.918512,0.950544,1
-0.33211,-0.367871,-0.319686,0.930841,1
-0.280624,0.191165,-1.132476,-0.757979,1
-2.404044,0.771368,-0.072886,-2.583478,1
-0.944438,0.237015,-0.529497,-0.812163,1
-0.569948,-0.541044,0.20097,0.93515,1
-0.788723,-1.829832,1.696888,0.464153,1
-1.344266,-2.541587,2.705578,-0.727792,1
-0.649019,-1.539202,0.985915,0.716585,1
-0.227916,-0.444054,-0.301986,1.137083,1
0.019085,0.280394,-1.342899,-1.247445,1
-1.495723,0.548457,-0.475404,-2.018307,1
-0.840769,-0.292391,-0.034891,0.390886,1
-0.919278,-1.426689,1.076202,0.468462,1
-0.97252,-2.024159,1.642808,-0.324554,1
-0.151533,-1.01049,0.09237,1.004109,1
0.323066,-0.147071,-0.868368,0.757833,1
0.280521,0.335773,-1.444908,-1.340434,1
-1.922717,0.951242,-0.355484,-3.005238,1
-1.236444,-0.223967,0.303188,0.454302,1
-0.961541,-1.21859,0.98234,1.004109,1
-0.588633,-1.442558,0.793201,0.551579,1
0.114446,-0.277931,-0.707498,0.966551,1
0.438524,0.389378,-1.378086,-0.572049,1
0.07137,0.559042,-1.53501,-2.347078,1
-2.285067,1.256684,-0.425685,-2.465302,1
-1.390611,0.162598,-0.288462,-0.008067,1
-0.868252,-0.567855,-0.055571,0.741211,1
-0.398063,-0.628875,-0.404406,0.508481,1
0.111673,-0.001066,-1.046181,0.469695,1
0.144885,0.26594,-1.167082,-0.097343,1
-0.348456,0.22009,-1.092299,-0.764121,1
-1.448217,0.221845,-0.485347,-1.051659,1
-2.528862,1.17521,-0.338778,-1.206212,1
-1.763272,0.260639,-0.169536,0.116289,1
-1.20421,-0.274404,-0.219851,0.600219,1
-0.672772,-0.303326,-0.59414,0.336087,1
-0.316795,0.070897,-1.016333,0.070733,1
-0.459979,-0.045859,-0.834179,0.195713,1
-0.899853,-0.126277,-0.453328,0.180934,1
-0.966995,0.027518,-0.433045,-0.230946,1
-0.653488,-0.496253,0.223043,0.755371,1
-1.238802,-1.458784,2.122075,0.142762,1
-1.818203,-1.380839,2.318781,0.055973,1
-1.16712,0.336471,-0.368212,0.011645,1
-0.165344,-0.067728,-0.651399,0.20495,1
-0.754519,-1.142059,1.117168,0.756604,1
-1.49699,-2.55287,3.611656,-0.530196,1
-1.461026,-1.777982,2.54508,0.112595,1
-1.172785,-0.430652,0.280117,1.223311,1
-0.498171,0.148843,-0.610828,-0.178619,1
-0.213495,-0.529061,-0.003673,0.916681,1
-0.835631,-1.807963,1.800498,1.015188,1
-1.409367,-2.456925,3.13116,0.343477,1
-1.205336,-1.457012,1.683774,1.433858,1
-0.803045,-0.274757,-0.144875,1.242976,1
-0.950632,0.234203,-0.848082,-0.605902,1
-0.331452,0.161183,-0.744681,-0.509246,1
-0.102207,-0.513193,-0.091385,0.799699,1
-0.472099,-1.674639,1.24942,0.730127,1
-0.857906,-1.924345,1.841882,0.518333,1
-0.481962,-1.197079,0.728584,1.227597,1
-0.29622,-0.235254,-0.446767,0.880971,1
-0.440203,0.248657,-1.175833,-1.078132,1
-1.855539,0.810162,-0.380741,-2.564385,1
-0.60278,0.036688,-0.434835,-0.097962,1
-0.384912,-0.877524,0.558941,1.130941,1
-0.775949,-2.162784,2.047315,0.089207,1
-1.210474,-2.413546,2.450429,-0.461204,1
-0.540494,-1.322989,0.734943,0.894517,1
-0.111086,-0.261002,-0.552369,0.771379,1
-0.111508,0.308961,-1.354435,-1.515271,1
-1.112048,0.340716,-0.438613,-1.16436,1
-0.587894,-0.615819,0.26004,0.813245,1
-0.801497,-1.801606,1.458056,0.249893,1
-0.805544,-1.964553,1.480523,0.102129,1
-0.095067,-0.900091,-0.005275,1.213455,1
0.377927,0.006349,-1.034251,0.509096,1
0.086259,0.374566,-1.384863,-1.404474,1
-1.557903,0.666611,-0.197378,-1.783715,1
-0.993599,-0.461337,0.375186,0.930227,1
-0.785204,-1.481352,1.224956,0.995491,1
-0.402011,-1.275383,0.615225,0.997338,1
0.206095,-0.139674,-0.858225,0.850189,1
0.476388,0.487079,-1.516511,-0.973477,1
-0.056453,0.503663,-1.466192,-2.203618,1
-1.970575,1.0433,-0.314117,-1.574407,1
-1.103743,-0.049371,-0.130359,0.523873,1
-0.677101,-0.705764,0.048224,0.993024,1
-0.157875,-0.50225,-0.542623,0.876662,1
0.160531,0.058199,-1.044974,0.510943,1
0.221684,0.302263,-1.289795,-0.355312,1
-0.450724,0.206335,-1.023296,-0.831875,1
-1.545939,0.359056,-0.407588,-1.287488,1
-2.222429,0.977695,-0.195389,-0.820781,1
-1.480943,0.10122,-0.130956,0.41982,1
-1.004156,-0.36928,-0.161581,0.766456,1
-0.44659,-0.19046,-0.705293,0.475852,1
-0.259721,0.124503,-0.968612,0.254821,1
-0.364664,-0.03386,-0.823433,0.200637,1
-0.893694,-0.126277,-0.448157,0.173549,1
-0.871947,-0.118504,-0.281304,0.047926,1
-0.702332,-0.704707,0.664152,0.700573,1
-1.28944,-1.557184,2.378036,0.116904,1
-1.856736,-1.178739,2.090672,0.314542,1
-0.967171,0.297337,-0.486143,-0.026541,1
-0.193859,-0.224673,-0.413952,0.539266,1
-0.858751,-1.472897,1.768283,0.614995,1
-1.453284,-2.659025,3.755838,-0.679179,1
-1.419889,-1.4422,2.118106,0.33424,1
-1.077632,-0.296976,0.09237,1.030582,1
-0.443303,0.177052,-0.622967,-0.130005,1
-0.040717,-0.496959,-0.07031,0.989334,1
-0.661265,-1.765982,1.729313,1.028734,1
-1.258402,-2.5497,3.314334,0.252354,1
-1.045504,-1.513805,1.719356,1.295351,1
-0.633325,-0.296271,-0.114249,1.319967,1
-0.753111,0.236316,-0.854256,-0.47906,1
-0.300305,0.16824,-0.738902,-0.483392,1
-0.020187,-0.468038,-0.142092,0.922223,1
-0.347424,-1.678167,1.23431,0.921604,1
-0.715704,-1.961025,1.858384,0.606375,1
-0.282879,-1.274326,0.78387,1.303969,1
-0.10996,-0.28957,-0.434238,1.029353,1
-0.247883,0.22926,-1.149791,-0.903295,1
-1.954001,0.805577,-0.335993,-2.537293,1
-0.643389,0.066653,-0.427674,-0.14229,1
-0.398534,-0.903279,0.632122,1.283638,1
-0.673441,-2.121519,1.977499,0.328084,1
-1.090406,-2.511605,2.61608,-0.341171,1
-0.373215,-1.40165,0.786052,1.093993,1
0.029653,-0.283574,-0.519554,1.02504,1
0.073907,0.313904,-1.362767,-1.360146,1
-1.202028,0.387981,-0.461285,-1.320103,1
-0.667388,-0.595365,0.240938,0.804627,1
-0.754413,-1.825945,1.52627,0.350867,1
-0.700608,-2.011819,1.557674,0.052878,1
0.10928,-0.97064,0.050012,1.317491,1
0.557395,-0.021162,-1.010971,0.667329,1
0.256979,0.339301,-1.381475,-1.273918,1
-1.689267,0.70682,-0.191611,-2.035543,1
-1.064717,-0.507534,0.579621,0.937616,1
-0.787667,-1.489107,1.23113,1.123561,1
-0.405534,-1.301836,0.564511,1.054617,1
0.353329,-0.213738,-0.794792,1.056426,1
0.619541,0.447927,-1.479329,-0.730268,1
0.10693,0.499436,-1.438154,-2.130341,1
-2.136284,1.057413,-0.29403,-1.820044,1
-1.215119,-0.02469,-0.153228,0.351481,1
-0.740513,-0.683896,0.043257,0.906215,1
-0.197287,-0.52376,-0.545208,0.842799,1
0.276615,0.029973,-1.066049,0.628539,1
0.357657,0.287093,-1.265726,-0.192808,1
-0.296406,0.200335,-1.011574,-0.713032,1
-1.523347,0.322716,-0.397048,-1.251159,1
-2.393487,1.037659,-0.225818,-0.966097,1
-1.610512,0.145315,-0.165957,0.224648,1
-1.097972,-0.344239,-0.181271,0.596524,1
-0.52406,-0.192224,-0.718221,0.34471,1
-0.257701,0.094521,-1.009369,0.252354,1
-0.328397,-0.025389,-0.8459,0.243122,1
-0.852241,-0.157307,-0.390684,0.233885,1
-0.834927,-0.059955,-0.31372,0.033166,1
-0.658485,-0.645102,0.610049,0.829867,1
-1.274308,-1.618903,2.430143,0.291759,1
-1.798285,-1.293007,2.22153,0.408126,1
-0.866458,0.328017,-0.471625,0.007931,1
-0.058896,-0.202804,-0.481967,0.58421,1
-0.771586,-1.429161,1.643203,0.719661,1
-1.418939,-2.655855,3.761803,-0.619472,1
-1.334377,-1.561769,2.331291,0.295454,1
-0.984132,-0.345649,0.1244,1.108182,1
-0.919841,0.248299,-0.608855,-0.700129,1
-0.296737,-0.354116,-0.310339,0.525105,1
-0.959112,-1.564598,1.523067,1.005956,1
-1.567757,-2.509491,3.301011,0.11198,1
-1.345005,-1.727887,2.073566,1.034891,1
-0.858047,-0.411959,-0.015,1.355058,1
-0.753076,0.148843,-0.876329,-0.551099,1
-0.729252,0.244771,-0.725973,-1.12984,1
-0.299179,-0.272287,-0.402417,0.395809,1
-0.711341,-1.453841,1.022308,0.717814,1
-1.066195,-1.921175,1.948858,0.433985,1
-0.688502,-1.431973,1.011771,0.983173,1
-0.339391,-0.344239,-0.374973,1.063806,1
-0.325346,0.157297,-1.170077,-0.908818,1
-2.467175,0.831673,-0.125984,-3.019998,1
-1.019041,0.143542,-0.469636,-0.79307,1
-0.645113,-0.654272,0.259437,0.85265,1
-0.969775,-1.918004,1.818602,0.187095,1
-1.465213,-2.538757,2.688681,-0.710556,1
-0.750437,-1.540616,1.019523,0.647013,1
-0.246426,-0.437705,-0.421907,0.991796,1
-0.035361,0.236657,-1.370728,-1.342863,1
-1.633808,0.478267,-0.438414,-1.916081,1
-0.966995,-0.444407,0.135936,0.353942,1
-1.026571,-1.597392,1.276274,0.260358,1
-1.124259,-2.119047,1.77007,-0.363311,1
-0.279402,-1.085982,0.164577,1.016421,1
0.203385,-0.173883,-0.869969,0.770765,1
0.187683,0.327301,-1.468977,-1.400142,1
-1.984229,0.909618,-0.307952,-2.908583,1
-1.32104,-0.332247,0.363047,0.353328,1
-1.055251,-1.314535,1.071049,0.589752,1
-0.713945,-1.447842,0.782478,0.118137,1
0.095423,-0.298388,-0.738902,0.739364,1
0.457245,0.346357,-1.424831,-0.623757,1
0.087294,0.499078,-1.534406,-2.339079,1
-2.382402,1.254911,-0.321078,-2.662898,1
-1.491711,0.086067,-0.166353,0.049783,1
-0.926069,-0.689896,0.073686,0.782463,1
-0.461858,-0.704707,-0.336391,0.614995,1
0.10801,-0.032803,-1.066258,0.498016,1
0.193272,0.255713,-1.245649,-0.247563,1
-0.275408,0.216562,-1.11479,-0.948242,1
-1.509271,0.272639,-0.413553,-1.270871,1
-2.601811,1.205191,-0.273747,-1.609498,1
-1.822813,0.204221,-0.074882,-0.049967,1
-1.280502,-0.351999,-0.097942,0.589136,1
-0.770178,-0.341417,-0.500264,0.390886,1
-0.362317,0.095237,-0.989896,0.139687,1
-0.467728,0.01799,-0.873358,-0.039492,1
-0.882962,-0.11005,-0.473415,-0.03454,1
-1.306085,-0.020463,-0.282497,-0.572049,1
-0.933248,-0.541402,0.371588,0.740597,1
-1.415772,-1.447842,2.118501,0.489393,1
-1.92891,-1.316648,2.285358,0.381649,1
-1.410352,0.344585,-0.342755,-0.442159,1
-0.411312,-0.031746,-0.671105,0.01593,1
-0.94852,-1.136059,1.149198,0.620535,1
-1.646089,-2.554285,3.647237,-0.766597,1
-1.567897,-1.743057,2.589643,-0.151527,1
-1.2154,-0.442291,0.303583,0.975788,1
-1.030302,0.276525,-0.642858,-0.788785,1
-0.445133,-0.320961,-0.31193,0.457378,1
-1.055779,-1.500749,1.426026,0.904368,1
-1.701619,-2.532757,3.309367,-0.232803,1
-1.47482,-1.740943,2.066997,0.748601,1
-1.022701,-0.396087,0.020395,1.100135,1
-0.846751,0.163655,-0.860221,-0.562193,1
-0.861672,0.300848,-0.77432,-1.285631,1
-0.441374,-0.216561,-0.437817,0.31639,1
-0.782037,-1.409764,0.978952,0.770146,1
-1.177994,-1.941986,1.942498,0.28068,1
-0.798119,-1.451029,0.985334,0.829253,1
-0.459979,-0.333305,-0.371195,0.832948,1
-0.400178,0.176353,-1.158727,-0.930387,1
-2.523971,0.86341,-0.16695,-3.045852,1
-1.1282,0.231016,-0.54143,-0.930387,1
-0.738226,-0.560799,0.139115,0.816326,1
-1.009469,-1.904249,1.762712,0.329317,1
-1.487383,-2.493963,2.64551,-0.777691,1
-0.840628,-1.516634,0.961057,0.50602,1
-0.395716,-0.413015,-0.406595,0.793543,1
-0.143829,0.251827,-1.353228,-1.463563,1
-1.699824,0.517777,-0.475007,-2.037971,1
-1.016894,-0.36928,0.001502,0.349019,1
-1.074606,-1.496164,1.118561,0.270828,1
-1.196433,-2.087651,1.714389,-0.439064,1
-0.404217,-1.085266,0.191826,0.804627,1
0.058684,-0.157307,-0.837939,0.613764,1
0.064322,0.336131,-1.421651,-1.525127,1
-2.067453,0.905749,-0.299004,-3.034187,1
-1.412358,-0.249362,0.220049,0.349633,1
-1.129819,-1.298649,1.049162,0.746753,1
-0.798576,-1.479238,0.849694,0.305305,1
-0.046776,-0.298035,-0.731544,0.800318,1
0.319019,0.37668,-1.415686,-0.669942,1
-0.058051,0.522362,-1.5199,-2.475729,1
-2.448242,1.308875,-0.383327,-2.748507,1
-1.58412,0.097691,-0.139706,0.041784,1
-1.054899,-0.61829,0.024364,0.723356,1
-0.624668,-0.654272,-0.360455,0.510329,1
-0.068619,0.028217,-1.102442,0.250507,1
0.065969,0.299092,-1.270693,-0.418733,1
-0.426577,0.252185,-1.133474,-1.126174,1
-1.604002,0.318489,-0.476,-1.422948,1
-2.630737,1.240457,-0.264201,-1.662444,1
-1.893193,0.28111,-0.132346,-0.144766,1
-1.39691,-0.275815,-0.171924,0.426596,1
-0.879724,-0.298741,-0.557746,0.172316,1
-0.464864,0.150956,-1.053933,-0.005639,1
-0.537643,0.065596,-0.910146,-0.120768,1
-1.013305,-0.050087,-0.529896,-0.137385,1
-1.402223,-0.004577,-0.281104,-0.594808,1
-0.955347,-0.473681,0.306577,0.58852,1
-1.421332,-1.345914,2.017885,0.17293,1
-1.935913,-1.211891,2.095639,0.154461,1
-1.532215,0.366453,-0.379348,-0.439683,1
-0.550488,-0.013048,-0.639469,-0.089962,1
-1.016929,-1.104322,1.173453,0.540497,1
-1.728258,-2.548643,3.640692,-0.877441,1
-1.629128,-1.722245,2.490791,-0.195236,1
-1.342049,-0.448286,0.263406,0.909291,1
-1.010032,0.286394,-0.653186,-0.810925,1
-0.426014,-0.305441,-0.331618,0.398889,1
-1.105678,-1.491238,1.424238,0.848341,1
-1.754861,-2.472811,3.259651,-0.146004,1
-1.521306,-1.66264,1.955031,0.793543,1
-1.035334,-0.366459,0.020976,1.142035,1
-0.914562,0.187279,-0.884499,-0.586809,1
-0.820324,0.270167,-0.738507,-1.2653,1
-0.370959,-0.232431,-0.413952,0.251126,1
-0.799667,-1.40165,0.987122,0.660554,1
-1.208327,-1.88838,1.898352,0.219725,1
-0.825321,-1.377668,0.97677,0.798471,1
-0.506289,-0.313201,-0.381535,0.784925,1
-0.461718,0.227487,-1.178014,-1.001189,1
-2.49311,0.830258,-0.16516,-3.045852,1
-1.048671,0.202449,-0.517565,-0.87806,1
-0.658556,-0.571741,0.166364,0.767684,1
-1.016683,-1.868626,1.732492,0.153233,1
-1.539499,-2.522888,2.706785,-1.009807,1
-0.900099,-1.50322,0.975192,0.342863,1
-0.414176,-0.383741,-0.423696,0.678409,1
-0.177793,0.310018,-1.378481,-1.45742,1
-1.642324,0.510362,-0.438613,-1.96598,1
-0.985751,-0.402083,0.068324,0.362565,1
-1.050888,-1.58258,1.283028,0.249279,1
-1.243024,-2.110576,1.757954,-0.548051,1
-0.468668,-1.092322,0.186441,0.808936,1
0.045249,-0.156957,-0.851865,0.564509,1
0.037169,0.336131,-1.442332,-1.499892,1
-2.018117,0.932203,-0.317498,-2.955387,1
-1.333357,-0.266996,0.290051,0.387191,1
-1.13471,-1.301478,1.057309,0.786153,1
-0.85583,-1.453841,0.795591,0.367488,1
-0.098358,-0.307558,-0.714856,0.850803,1
0.272463,0.366811,-1.430007,-0.676703,1
-0.04875,0.505078,-1.519482,-2.400024,1
-2.413475,1.296892,-0.319089,-2.694941,1
-1.557868,0.119219,-0.178485,0.015311,1
-1.08833,-0.601365,-0.007642,0.645779,1
-0.648597,-0.689896,-0.348523,0.475852,1
-0.113809,0.00882,-1.105831,0.256668,1
0.031673,0.29345,-1.270112,-0.380547,1
-0.422868,0.262054,-1.122937,-1.06461,1
-1.549599,0.299791,-0.463671,-1.343482,1
-2.628731,1.256326,-0.285876,-1.594071,1
-1.892665,0.234902,-0.077667,-0.120149,1
-1.417109,-0.288512,-0.158996,0.408741,1
-0.915336,-0.306499,-0.567286,0.156923,1
-0.4907,0.131917,-1.049152,-0.057347,1
-0.532752,0.047256,-0.924652,-0.040111,1
-0.971746,-0.08254,-0.514979,-0.045015,1
-1.463243,-0.003179,-0.332613,-0.627471,1
-1.057855,-0.490612,0.303977,0.488165,1
-1.535487,-1.364254,2.018859,0.084255,1
-2.015689,-1.204835,2.07396,0.035023,1
-1.523382,0.360811,-0.394463,-0.472298,1
-0.583496,-0.029633,-0.667925,-0.107818,1
-1.081855,-1.08034,1.064272,0.501092,1
-1.783259,-2.50102,3.555557,-0.96424,1
-1.661819,-1.667941,2.423389,-0.336219,1
-1.330014,-0.413721,0.286686,0.823097,1
-0.546335,0.240902,-0.636684,-0.364549,1
0.044218,-0.380567,-0.281901,0.779997,1
-0.683224,-1.575183,1.50877,1.15251,1
-1.386388,-2.469624,3.194407,0.209259,1
-1.190662,-1.737773,2.058038,1.121085,1
-0.716689,-0.39397,0.051613,1.476948,1
-0.598381,0.152712,-0.88747,-0.330696,1
-0.32605,0.193994,-0.750437,-0.781976,1
0.080907,-0.335421,-0.368013,0.679028,1
-0.406237,-1.479596,1.031267,0.864349,1
-0.855232,-1.946929,1.922816,0.50602,1
-0.495116,-1.421388,0.975981,1.058902,1
-0.161539,-0.357289,-0.350709,1.148177,1
-0.130628,0.171768,-1.147586,-0.705652,1
-2.096872,0.750557,-0.116038,-2.586573,1
-0.608093,0.128031,-0.519554,-0.400259,1
-0.237217,-0.631688,0.171145,1.158652,1
-0.644163,-1.975854,1.872496,0.401351,1
-1.196785,-2.59238,2.802643,-0.683464,1
-0.539895,-1.563541,1.071444,0.743058,1
-0.073693,-0.416544,-0.418128,1.139559,1
0.16551,0.246884,-1.368547,-1.192642,1
-1.15973,0.442643,-0.459296,-1.462325,1
-0.533843,-0.38092,-0.026953,0.763989,1
-0.704443,-1.562485,1.196732,0.506634,1
-0.875607,-2.180067,1.878856,-0.104723,1
-0.070075,-1.097265,0.167548,1.255308,1
0.403721,-0.179526,-0.861428,0.959781,1
0.393305,0.320262,-1.465008,-1.217306,1
-1.612272,0.886352,-0.34375,-2.488061,1
-0.948802,-0.344592,0.328441,0.799085,1
-0.767715,-1.320176,1.038021,1.144464,1
-0.490183,-1.471841,0.832797,0.72397,1
0.320708,-0.287454,-0.760394,1.198648,1
0.631364,0.370339,-1.439338,-0.437826,1
0.289776,0.502948,-1.551303,-2.229472,1
-2.047852,1.22706,-0.421709,-2.250422,1
-1.200797,0.071954,-0.20215,0.376111,1
-0.710426,-0.695179,0.072084,0.996719,1
-0.229655,-0.703293,-0.346534,0.836028,1
0.311277,-0.00352,-1.092903,0.598371,1
0.371557,0.25677,-1.25997,-0.111531,1
-0.111839,0.221505,-1.120546,-0.787547,1
-1.346412,0.24443,-0.491514,-1.110176,1
-2.321453,1.15687,-0.374574,-1.163122,1
-1.587885,0.170711,-0.122403,0.256049,1
-1.064013,-0.394322,-0.107488,0.771993,1
-0.508612,-0.36011,-0.534668,0.568818,1
-0.12936,0.096993,-1.006793,0.271443,1
-0.239708,0.002462,-0.897613,0.184015,1
-0.706238,-0.146372,-0.489722,0.168007,1
-0.915125,-0.056086,-0.313919,-0.231565,1
-0.563191,-0.570327,0.354297,0.882204,1
-1.151707,-1.457728,2.10917,0.366874,1
-1.737794,-1.318404,2.202428,0.315771,1
-1.000707,0.310376,-0.417731,-0.049348,1
-0.009711,-0.097693,-0.660962,0.300996,1
-0.641313,-1.158984,1.179023,0.730127,1
-1.472357,-2.621646,3.759017,-0.754884,1
-1.406693,-1.756471,2.552043,-0.043158,1
-1.047122,-0.439822,0.298616,1.136464,1
